Name,Frequency,Variants,Confidence_Level
Lopez,1074,Sil Lopez; Cedilla Lopez; Sidia Lopez; Serio Lopez; Linda Lopez; Cedillo Lopez; Sedillo Lopez; Lopez Mentioned; Katrina Hope From Lopez; In Center City Lopez; Sedillo Lopez No; Sadia Lopez; Sidia Lopez Mentioned That; Sadil Lopez; Si Lopez; Sidil Lopez; Dia Lopez; Sio Lopez; Sedillo Lopez Yes; Di Lopez; Cio Lopez; De Lopez; Savia Lopez; Siio Lopez; Saa Lopez; Suil Lopez; Sedillo Lopez Yes Yes; Sedillo Lopez Center Novell; Sedillo Lopez You'Re; Cia Lopez; Sedillo Lopez Is That; Sedillo Lopez Please Proceed; Lopez Here; Sedillo Lopez To Explain; Sedillo Lopez Yes Explain; Sah Lopez; Sedillo Lopez Is Presenting; Sedillo Lopez So; Sadilla Lopez; Sedillo Lopez Yes Session; Cedil Lopez; Siia Lopez; Saia Lopez; Lopez Yes Explain My; Sedillo Lopez And Then; Sedillo Lopez Yes There; Cedilia Lopez; Senio Lopez; Sedillo Lopez Would You; Sedillo Lopez Your; Lopez Said That There; Lopez Yes; Lopez No; Siddy Lopez; Silvia Lopez; Lopez That; Lopez For Bringing This; Lo; Lopez Can; Lopez It; Lopez On Senate Bill; Lopez For Bringing Forth; Sedillo Lopez Okay Let; Said The Lopez; Sedillo Lopez Any Other; Sedillo Lopez Do You; Lopez Present; Sedillo Lopez Any Discussion; Sedillo Lopez You Know; Sedillo Lopez Moves Into; Lopez But; Sidilia Lopez; Savio Lopez; Sedia Lopez; Sedillo Lopez Etcetera Tommen; Sedillo Lopez Go Ahead; Sedillo Lopez Did You; Seria Lopez; Sedillo Lopez No Explain; Sedillo Lopez Is Bill; Silvio Lopez; Sao Lopez; Lopez For Sponsoring This; Sedillo Lopez For Introducing; Cynthia Lopez; Sedillo Lopez Yes Sierra; Sedillo Lopez And You; Antoinette Sedillo Lopez; Samuel Lopez; Sergio Lopez; Sedillo Lopez Said We; Sedillo Lopez Is Going; Amanda Lopez; Lopez Now; Lopez On The Amendment; Lopez With The Second,High
Wood,988,Woods; Woods It; Woods And My Bill; Woods Here; Woods There; Woods For Bringing This; Woods Yes; Woods Votes Yes; Woods Votes No; Woods Boats; Woods Please; Woods That; Woods Point Well Taken; Woods Votes; Woods No; Woods Now; Pat Woods; Woods Boats No; Woods Let Me Just; Woods For That Question; Pat Woods Senate District; Woods Is Not Here; Woody; Woods Bill,High
Padilla,986,Padilla For Sponsoring This; Padilla For Bringing This; Padilla Let; Padilla Was Talking About; Padilla It; Padilla On The Bill; Padilla Yes; Padilla Next; Padilla For Bringing Us; Padilla We'Re We; Padilla If You Want; Padilla Is My Co; Padilla On The Amendment; Padilla Is On His; Padilla Here; Padilla Now We Will; Padilla You'Ve Been; Padilla Is Senate Bill; Padilla That; Padilla For His Leadership; Padilla But; Padilla Yes Explain My; Padilla No; Padilla For Sponsoring Sb; Padilla Votes Yes; Padillas; Padilla Votes; Padilla Votes No; Padilla Bosa; Padilla Boia; Padilla For His Vision; Padilla Bosia; Padillasia; Padilla Second; Padilla All In Favor; Padillo; Padilla You'Re Here,High
Trujillo,782,Patricia Trujillo; Trujillo On This Bill; Trujillo Let; Trujillo Is There Anybody; Trujillo Yes; Trujillo For The Motion; Trujillo That We'Re; Trujillo Next We'Re; Trujillo So Let; Trujillo You'Re Gonna; Trujillo We'Re Gonna; Trujillo It; Trujillo No To Table; Trujillo Is There Any; Trujillo Please; Trujillo Are There Any; Christine Trujillo; Trujillo Is Their Opposition; Amber Trujillo Our Cfo; Trujillo And Then We; Trujillo Here; Christine Trujillo Yes; Christine Trujillo Yes Ma; Trujillo For Bringing This; Trujillo Was Talking About; Trujillo For Doing This; Trujil; Trujillo Who; Trujillo Votes Yes; Trujillo Votes; Trujillo Bosa; Trujillo Botsia; Trujillo Votes No; Trujillo Votesia; Trujillos; Uh Trujillo,High
Martinez,775,Martin; Martinez So; Martinez Didn; Martinez Yes; Martinez Nope; Martinez Was Asking; Martinez Yes To Table; Vince Martinez; Martinez Your; Martinez There; Ma; Martinez That; Martinez To Explain His; Martinez We Still Can; Martinez Please; Martinez With Martinez; Uh Martinez; Martinez Just; Represented Martinez; Martinez Is Fine; Martinez To Say; Lane Speaker Martinez; Speaker Martinez; Lane Yes Speaker Martinez,High
Steinborn,685,Steinburn; Steinborne; Steinborg; Jeff Steinborn; Steinborn And Then; Steinborn That; Steinbor; Steinborn It; Steinborn Yes; Steinborn For Bringing This; Steinborn Votes Yes; Steinborn Votes; Steinborn Yeah; Stein; Steinborn You'Re Next; Steinborn And The Second; Steinborn Votes No; Jeff Steinborn From Dona; Steinborn Jeff Steinborn Yes; Steinborne Bosia; Steinborn Was Talking About; Steinborn There; Steinborn Jeff; Steinborn Made; Steinborn No; Steinborn And Then We; Steinborn We'Re Going; Steinborn You Have Your; Steinborne Votes Yes; Steinborn Place,High
Armstrong,678,Armstrong Go Ahead; Gail Armstrong No; Armstrong Yes To Table; Armstrong Yes; Armstrong Next We'Re; Arms; Armstrong Here; Armstrong Are There Any; Gail Armstrong; Armstrong For Bringing This; Armstrong No; Armstrong And Then We; Armstrong It; Armstrong That; Armstrong If You Like; Deborah Armstrong; Deborah Armstrong Yes; Armstrong To Explain Your; Debbie Armstrong; Gail Armstrong Yes; Armstrong But; Armstrong Is Here; Armstrong And Superintendent Toll; Armstrong Is There Discussion; Armstrong Okay,High
Hickey,669,Hickey Is There Anybody; Hickey It; Hickey He; Hickey Yes; Hickey Lane Can You; Hickey Are Muted; Hickey Who; Hickey For Bringing This; Hickey For The Second; Martin Hickey; Hickey That; Hickey If You'Ll; Hickey And If You; Hickey Mentioned; Hickey Was Talking About; Hickey Seconded; Hickey We'Re Going; Hickey To Explain His; Hickey Yeah; Hickey You'Re Next; Hickey Votes; Hickey Votes Yes; Hickey Let,High
Mcqueen,668,Mcqueen And Speaker Egolf; Mcqueen Yes; Mcqueen No; Mcqueen Here; Mcqueen This; Mcqueen And Then; Mcqueen If,High
Scott,662,Larry Scott; Scott Here; Scott Scanlon; My Name Is Scott; Scott Scanlon Registered Lobbyists; Scott To Explain His; Scott Oh; Scott Yes; Scott Was Talking About; Scott On The Amendment; Scott No,High
Gonzalez,647,Ted Gonzalez; Gonzales; Uh Gonzalez; Gonzalez Is Here; Gonzalez And Then We; Gonzalez Votes Yes; Gonzalezia; Gonzalez Votes; Gonzalezosia; Gonzalez Votes No; Gonzalez Gonzalez Votes Yes; Gonzalez Gonzalez Votes; Gonzalez Made The Motion,High
Brandt,598,Brandt Sierra; Brand; Brandt No Ma'Am; Brandt Yes; Brandt No; Brandt Yes Ma'Am; Brandt Excused; Brandt There; Brandt That; Brandt You'Re You; Brandt Though; Brandt And We'Ve; Brandt It; Brandt Was Talking About; Brandt For Bringing This; Brandt If You'Ll; Brandt So; Brandt Votes No; Brandt Votes Yes; Brandt Votes; Brandt On Senate Bill,High
Townsend,582,Townsend We'Re Going; Townsend Yes; Townsend Here; Townsend No; Townsend Yes Ma'Am; Leader Townsend,High
Dixon,537,Dixon For The Motion; Dixon Is There Any; Dixon Please; Dixon Second By Represented; Dixon We'Re Gonna; Dixon For The Lfc; Dixon Yes; Dixon Second By Ranking; Dixon And Then Represent; Dixon Go Ahead; Meredith Dixon; Dixon Promotion; Dixon And Then We; Dixon Here; Dixon And Then; Dixon Okay; Dixon For The Tabling; Elizabeth Dixon,High
Joshua Sanchez,531,Sanchez,High
Stewart,527,Stewart That; Stewart For Bringing This; Stewart Go Ahead; Mimi Stewart; Stewart With Us; Stewart It; Stewart Why Don; Stewart Here; Stewart But; Stewart Over The Last; Stewart For For Bringing; Stewart So With That; Stewart For Bringing It; Stewart For Your Work; Stewart Was Talking About; Stewart Stewart; Stewart Has Brought Forward; Stewart Yes; Stewart For This Bill; Stewart So; Stewart Are You There; Stewart No; Stewart Now; Stewart Any Further Discussion; Stewart Before; Stewart On The Amendment; Stewart Minute,High
Figueroa,492,Figueroa Here; Figueroa For Sponsoring This; Figueroa Are There Any; Figueroa Yes; Figuero; Figueroa Please; Figueroa Is There Any; Figueroa For Bringing This,High
Garcia,488,Garcia Next We'Re; Garcia That; Garcia Please; Garcia Yeah; Deborah Garcia; Garcia We'Re Gonna; Garcia For The Motion; Garcia Is There Any; Mercer Garcia; Garcia For The Second; Harry Garcia; Garcia Yes; Garcia Okay; Garcia There Any Opposition; Garcia It; Garcia Is That; Lex Garcia; Garcia Richard; Garcia Will Touch Base; Garcia But; Garcia This Does Not; Garcia Your; Garcia Let; Garcia And Then We; Garcia For His Tireless; Garcia For Bringing This; Garcia Was Kind Enough; Miguel Garcia,High
Pope,486,Popes; Pope To Explain His; Pope No; Pope Yes; Pope Yeah; Pope For Bringing This; Pope And Then We; Pope Let; Pope If You'Ll; Pope You'Ll Call; Pope Yes Sanders Sauls,High
Garrett,474,Garrett Thanks; Garre; Garrett Is There Any; Garrett And Then Represent; Garrett No; Represented Garrett; Garrett Yes; Garrett We'Re Gonna; Garrett For The Motion; Garratt; Garrett In The Opposition; Garrett Please Go Ahead; Joy Garrett; Garret; Garrett Please; Garrett Here; Garrett Care; Garrett Your; Garrett That; Garrett But,High
Brown,473,Brown Yes To Table; Represent Brown; Brown Here; Brown And Then Represent; Catherine Brown; Brown Suggested; Represented Brown; Brown In The Opposition; Brown Please; Brown Was Asking About; Brown Next We'Re; Brown No; Brown Yes; Brown Is There Any; Brown So; Brown Okay; Brown We'Ll Go; Brown It; Browne; Brown Just; Browne Yes; Brown House Bill One; Brownlee; Brown Votes No; Brown Votes Yes; Harry Browne; Brownley,High
Kernan,457,Kernan Was Talking About; Kernan Yes; Kernan It; Kernan No; Kernan Sierra; Griggs Kernan Shendo Hamblen; Kernan Shaking Her Head; Kernan Thank You So; Kernan Are You Still; Kernan You Know; Kernan That; Kernan For The Second; Kernan And Then; Kernan Mention; Kernan For Bringing This; Kernan For Sponsoring This; Kernan You'Ll Call; Kernan If You'Ll; Kernan You'Re Absolutely; Kernan Million If You; Kernan We'Re Gonna; Kernan Next,High
Hernan,449,Hernandez; Hernandez Here; Hernandez And Then Represent; Her Hernandez; Hern; Hernandez Yes; Hernandez Your; Hernandez Now; Hernandez No,High
Wirth,445,Peter Wirth; Wirth That; Wirth Was Talking About; Wirth For Bringing This; Wirth You Have Any; Wirth No; Wirth Yes; Wirth Yeah; Wirth Made; Wirth Here; Wirth Is Excused; Wirth So; Wirth Who Also Introduced; Wirth Is Not Here; Wirth Talked About; Wirth We'Re Gonna; Wirth Yes Ma'Am,High
Gallegos,436,David Gallegos; Gallegos Yes; Gallegos Yes Ma'Am; Gallegos Here; Gallegos No Ma'Am; Gallegos Next; Gallegos Please; Gal; Gallegos Is Here; Gallegos Is There Any; Gallegos You'Re Next; Gallegos To Explain His; Gallego; Gallegos Any Other Discussion; Gallegos Question; Gallegos To Explain Your,High
Chatfield,422,Chatfield Next We'Re; Chapfield; Chatfield Is There Any; Jack Chatfield; Chatfield And Then Go; Chatfield We'Re Gonna; Chatfield Please; Chatfield Okay We'Re; Chatfield Let; Chatfield For The Motion; Chatfield It; Chatfield Yes; Chatfield And We'Re; Chat; Chatfield Promotion; Chatfield Ranking Member Armstrong; Chatfield Are There Any; Chatfield Good Morning; Chatfield So; Chatfield No; Chatfield No To Table; Chatfield Transportation,High
Matthews,411,Matt; Matthews Yes; Matthews That; Matthew; Matthews Yes By Share; Matthews Here; Matthews To Explain Her; Matthews Is With Us; Matthews For Bringing This; Marian Matthews; Marian Matthews Yes; Marian Matthews Here; Matthews Is Not Present; Dan Matthews,High
Montoya,406,Montoya We'Re Gonna; Montoya Are There Any; Montoya Voting In Opposition; Montoya Okay; Montoya Yes; Montoya For Second Time; Montoya Please; Montoya That; Montoya Then We'Re; Laura Montoya; Represent Montoya; Roger Montoya; Montoya For Bringing This; Montoya Is Not Present; Roger Montoya Yes; Montoya In That Order; Montoya Is There Any; Rod Montoya; Montoya But,High
Chavez,396,Eleanor Chavez; In Chavez; Ann Chavez; Nicole Chavez; Uh Chavez; Eleanor Chavez Is Their; An Chavez; Chavez Here; Chavez Made The Motion; En Chavez; Chavez Pass; Chavez To Explain Her,High
Charlie,387,Charlie For The First; Charlie To Explain Her; Charlie Charlie; Char; Angel Charlie,High
Duncan,383,Duncan For The Motion; Hernandez And Represent Duncan; Duncan Here; Duncan And Then Vice; Duncan Yes; Duncan Your; Ranking Member Duncan,High
Lujan,378,Lujan Grisham; Tara Lujan; Lujan Next We'Re; Lujan Okay; Lujan Is There Any; Lujan Yes; Lujan Is Their Opposition; Lujan And Then Represent; Lujan We'Re Gonna; Lujan Please; Lujan Here; Lujan For The Second; Michelle Lujan Grisham; Lujan Grisham To Give; Lujan That; Lujan For Bringing This; Lujan She,High
Baca,352,Baca For The Motion; Baca Yes; Baca Next We'Re; Baca What; Baca Please; Baca No; Baca That,High
Ramos,342,,High
Romero,337,Andres Romero; Uh Romero; Romero But; Romero To Talk About; Rome; Romero Was Talking About; Andrea Romero; Romero Yes; Romero Here; Romero For Bringing This; Romero Whenever You'Re; Romero Would You Call; Romero Stated,High
Jones,335,Jones Here; Jones Yes; Jones Is There Any; Jones No,High
Herndon,329,Ferndon; Pamela Herndon; Herndon For Bringing This; Herndon Yes,High
Pinto,325,Shannon Pinto; Pinto If You'Ll; Pinto Yes; Pin Pinto,High
Hamblin,325,Hamblen; Hambling; Hambling Yes,High
Pete Campos,321,Campos; Pete Campos Representing All; Campo,High
Nibert,318,Nibert Yes; Nibert Yes Ma'Am; Nibert No; Nibert There; Nibert That; Nibert Your; Nibert It; Nibert Well; Nibert You Are Correct; Nibert Is Here,High
Vincent,304,Vincent For The Motion; Vincent And Then Represent; Vincent Was Talking About; Vincent Is There Any; Vincent Then; Harlan Vincent; Vincent No; Vincent Yes; Vincent Yesterday; Vincent For The Second; Vincent Here,High
Munoz,301,George Munoz; Munoz Here; Munoz For Bringing This; Munoz Votes Yes; Munoz Votes; Munozen Votes Yes; Munoz Yes; Munoz Votes No; Munoz Yes Eleven Zero,High
Lane,298,Lane That; Lane Your; Lane Yes; Lane For The Motion; Lane No; Laney; Lane Next We'Re; Lane Please; Lane There; Lane House Bill Three; Griggs Lane Can You; Hamblen Second Lane Can; Lane No To Table; Lanes,High
Ferrari,294,Ferrary; Joanne Ferrari; Uh Ferrari; Ferrari Here; Joanne Ferrari Yes,High
Hemphill,284,Hemphill For Bringing This; Hemphill If You'Ll; Hemphill For Bringing Forward; Hemphill Yes; Hemphill Boats; Hemphill Votes; Hemphill Yeah; Hemphill That We Call; Hemphill Votes Yes; Hemphill Hemphill Boats; Hemphill We'Re Going; Hemphill Hemphill Votes,High
Share,271,Shared; Share This; Shares; Share Is Excused; Shar; Share Yes; Share Votes; Share So; Share No; Share It; Share New; Share And Then We; Share Let,High
Dow,266,Dowd; Downs; Dow And Then We; Dow Here; Dow On House Bill; Dow Yes; Dow There; Dow Yes The Table; Dow No; Rebecca Dow; Dow Please; Dow For Bringing This; Dow All; Dow It; Dowell; Dow That; Dowell No,High
Ortiz,259,Jerry Ortizipino In Drafting; Jerry Ortiz; Ortiz You Know; Ortiz If You Know; Ortiz Pena Yes So; Ortiz Penal; Ortiz Pena Yes; Ortiz Pena; Ortiz You Know You,High
Harper,259,Harper Good To See; Harper Your; Harper On On This; Jason Harper; Harper Yes; Harper Did You Wish; Harper Over The Last; Harper He; Harper That; Harper Brought Up That; Harper No; Harper Let; Harper Are There Any; Harper Is Here,High
Small,256,Small Yes; Small For The Motion; Small He; Small That; Small Let; Small Here; Small Is There Any; Small For The Executive; Small For Bringing This; Small Promotion; Small Independent Businesses Across; Smalls; Practices Are Small Businesses; For Small Business Majority,High
Block,255,Block Uh; Block For Bringing This; Center Block; Block Was Talking About,High
Chandler,254,Chan; Chandler And Yeah; Chandler For Carrying This; Chandler Why Don; Chandler You Have An; Chandler Yes; Chandler Here; Christine Chandler; Chandler For Bringing This; Chandler Said We; Chandler But,High
Lanier,252,Lanier Votes Yes; Lanier Votes No; Lanier Votes; La,High
Rehm,242,Rehm Yes; Rehm Yes Ma'Am; Rehm No,High
Maestas,234,Maestas No; Maestas Yes And So; Maestus; Maestas Yes; Maest; Maestas This Is Not; Maestas Texted Me He,High
Pettigrew In Opposition,234,Pettigrew; Pettigre,High
Anderson Is There Any,232,Anderson; Anders,High
Souls,231,Souls Is On His; Senators Souls Yes It; Souls No; Souls Yes; Senators Souls; Maintenance Excuse Center Souls; Souls Please; Soul; Souls He; Souls For Bringing This; Souls So; Souls Yes So You; Souls You'Re Muted; Souls Yes Okay We; Souls For Senate Bill,High
Silva,227,Silva Here; Sarah Silva; Ana Silva; Dominic Silva; Silva In The Opposition,High
Thornton,226,Thornton Center Pope; Thornton No; Thorn; Thornton Yes; Thor,High
Center,224,For The Center Pacific; In The Center; Center That; Center It; Hamblen Yes Centerville No; Center Yes; Centers; Center Yeah; Center And Expert Witness; In Center; Sharon Center; Center For The Education; Kernan Center My Estes; Kernan Yes Center My; Center Yes That; Ingle Center Maestas Yes; Ingle Center Maestas; Mechanic Yes Center Mechanic; Ingle Yes Center Maestas; Ingle Center Maestas This; Center Is That; Ingle Center My Ss; Mccutchen Center; Doing Center; Fajardo In Center Ivey,High
Tallman,222,Tallman Yes; Tollman; Tallman Any Other Discussion; Tallman You'Re Next; Tallman Bill; Tallman To Explain His; Tallman Moved To Do,High
Brantley,221,Brentley; Brant; Bran; Brantley Votes; Brantley Votes Yes; Brantley Boats,High
Hall,221,Hall Yes; Hall No; Hall Here,High
Bergman,218,Bergmans; Bergmann; Bergmans Is Gonna Go,High
Cervantes,213,Cervantes To Explain His; Cervantes Is Excused; Cervantes Was Talking About; Cervante; Cervantes Yes,High
Lord,212,Lord It; Stephanie Lord Here; Stephanie Lord; Stephanie Lord Yes; Lord No; Lord Yes; Stephanie Lord No; Step In The Lord; Lord No To Table; Lord So,High
Lent,211,Lenti; Lente There; Lente; Lente Yes; Len; Lenton; Lente Nope; Lente Yeah; Lente For Bringing This; Lente For Sponsoring This; Lente For Sponsoring House; Lente That Please; Lente Is There Any; Lente Please; Lente That,High
Lara,209,Lara Here; Lara Yes; Lara Please; Lara For Bringing This; Lara If You Would; Lara Cadena,High
Rodriguez,209,Rodriguez Is Gonna; Rodriguez Yes; Rodriguez Yes Seven Two; Rodriguez Can You Make; Rodriguez It; Nancy Rodriguez; Nancy Rodriguez District Twenty; Rodriguez Yes Yes Yes; Rodriguez Yeah; Rodrigues; Rodriguez That We Call; Rodriguez You Have Your; Rodriguez No; Rodriguez Made; Rodriguez For Bringing This; Rodriguez But; Rodriguez On Senate Bill,High
What,207,What We'Re Gonna; What What; So What; What Yes; What Is The What; So What We'Re; What You'Re Trying; So What This Does; What This Bill Does; Center What; Whatever; Committee Members What We; What We'Re Talking; You Know What; You Know What We; What We'Re Trying; Steinborn What; But What You'Re; But What; Members The Committee What; What We'Re We; In Terms Of What; Okay What; What Do You Think,High
Chasey,205,Chase; Chasey Said It; Chasey Yes; Chasey Yeah; Chasey On House Bill,High
Kates,204,Kate,High
Lewis,203,Lewis For Bringing This; Lewis For Sponsoring This; Lewis Would You Be; Lewis Yes,High
Griggs,203,Griggs No; Griggs Yes,High
Paul,203,Paul Are There Any,High
Daniel Ivey Soto,195,Ivey Soto,High
Crowder,192,Crowder Here; Crowder Next We'Re; Crowder Please; Crowder So; Crowder And Then We; Crowder Yes; Crowder Go Ahead; Crowder For Question; Crowder Yes To Table; Crowder No; Crowder On The Second; Crowder Is There Any,High
Cook,191,Cook Yes; Cook No; Cook Yes Ma'Am,High
Anaya,187,Anaya In The Second; Anaya To Explain Her; Anaya On House Bill,High
Mckenna,186,Mckenna Please; Mckenna Yes; Mckenna On The Amendment; Mckenna No; Mckenna Yes Senate Committees; Mckenna You'Re Next; Mckenna Please Proceed; Mckenna Votes,High
Alcon,184,Alcon Yes; Alcon You'Re Next; Alcon No,High
Johnson,183,John; Wendy Johnson; Gary Johnson; Johnson Yes; Wonda Johnson; Johnson To Talk About; Johnson Are There Any; Johnson At The Time,High
Diamond,182,Diamond She; Diamond Yes; Diamond You'Re Next; Crystal Diamond Senate District; Diamond Just; Diamond It; Crystal Diamond From Senate; Diamond Can We Call; Diamond No; Diamond Nope; Diamond Yes There Diamond; Crystal Diamond And Then; Diamond And Then We,High
Little,178,Little Here; Little And Then Represent; Little And Then Ranking; Little For The Motion; Charlotte Little; Little Yes; Little No,High
Representatives,173,Represent; Rep; Repres; Lord Representatives; Representatives And Experts,High
Mason,171,Melissa Mason; Mason Yes; Mason Yeah,High
Lundstrom,164,Patty Lundstrom; Lundstrom Yes; Lundstrom Yeah; Lindstrom,High
Eli,164,Eli Here; Eli That; Eli Yes; Elizabeth; Eli No; Eli Please; Eli Just,High
Serrato,162,Serrado; Serrato Yes; Serrato Your; Serrato Here; Serrato For Bringing This,High
For The New Mexico,161,,High
Tobiasson,160,Tobiasson Votes Yes; Tobiasson Votes No; Tobias; Tobiasson Votesia,High
Sher,158,Sheriff; Sherrod; Sherman; Sheryl; Sheryl Williams Stapleton; Sherrod Votes Yes; Sherrod Votes; Sheriff For Bringing It,High
Allison,157,Allyson; Allison Is The Second; Allison Is There Any; Allison Yes; Allison Please; Allison Here; Anthony Allison; Allison Next We'Re; Allison Yes To Table; Allison Let; Ellison; Allison For The Motion; Allison Please Go Ahead; Allison For Bringing This,High
Pirtle,148,Pirtle For Bringing This; Pirtle Yes; Pirtle That; Pirtle No; Pirtle It,High
De La Cruz,147,Cruz; De La Cruz Here; De La Cruz Pointed,High
Hochman Vigil Here,147,Hochman Vigil; Hochman; Vigil; Ho,High
If You Would Just,146,If You; Just; If You Could Just,High
Hamlin,145,Ham,High
If You Don,138,Do; Don; You Don,High
Herrera,135,Herrera Here; Susan Herrera; Ferrera; Herrera She,High
Strickler,135,Strickler Your; Strickler No; Strickler Here; Strickler Yes,High
Reed,134,Ree,High
Already Thank You Let,134,Let; Already,High
You Know We'Re,133,You; You Know; You Know We We; Know; We'Re; Re,High
Sweetser Yes,132,Sweetser,High
Ezzell,131,Ezzell Please; Ezzell Is There Any; Ezzell Next We'Re; Ezzell No; Ezzell That,High
Because,129,Because That; Because It; Because Then; Be; You Life Just Because; Because There Is No; Padilla Because; Right Because; Because You Know This; Rodriguez Because; Russell Because; Because He; Supports This Bill Because; At Because It; Martinez Because,High
Mentioned,125,Tolman Mentioned During His; Mentioned That; Had Mentioned; Hernandez Just Mentioned That; Schardin Clarke Mentioned We; As You Mentioned This; Chardon Clark Mentioned; Mentioned We Are Working; Chatfield Mentioned; Mentioned Before; Mentioned In Her State; Chandler Mentioned; You Mentioned That You; Garrett Mentioned; Props Mentioned; You Mentioned; Padilla Mentioned; Hernandez Mentioned; Mentioned It; Charlie Mentioned; Campos Mentioned; Mentioned You Know This; Brandt Mentioned; Mentioned About Family Income; Stuart Mentioned; Woods Mentioned; Mentioned Earlier; Men; Mentioned Section; Garcia Mentioned,High
Ingle,123,Ingle Are You There; Ingle Yes; Ingle No,High
All Right,120,All; All Right Let; Right; All Right So; All Right We'Re; All Right Anyone Else,High
Neville We'Re Going,120,Neville,High
Brent,116,Brent Yes,High
Thompson Here,115,Thompson,High
Murphy,115,Murphy Here,High
Now,112,Right Now; Armstrong Now; Now That; Dow Now; Now Let; Now It; Right Now It; Now We'Ll Go; Espinoza We Will Now; Griggs Now; Kernan Now; Nancy Right Now; Solomon We Will Now; Espinoza Now We Will; We Will Now Move; We Will Now Hear; For Now; Kernan We Will Now; Wilkinson We Will Now; Rodriguez Now; Candelaria Has Now Taken; Things Are Different Now; Okay Now We'Ll; Penske Now; Rehm Now; Cook Now; Now We'Re Happy; Duhigg Now,High
Castellano,108,Castellano Next We'Re; Castellano Is There Any; Castellano Yes; Castellano For The Second; Castellano This,High
Worth,108,Worth Here; Worth Yes; Worth Is Excused; Wort; Worth Excused; Worth So,High
Madrid,107,Madrid Yes; Madrid Please,High
Parajon,104,Parejon; Parajan; Parajun; Paramon; Para,High
Candelaria,103,Candelaria You Know; Candelaria Yes; Candelaria That,High
For Bringing This Forward,102,For Bringing This; Bring,High
Luhan,101,Luhan Yes; Luhan And Then Represent; Luhan And Then Vice; Tara Luhan,High
Doo,101,Doo And Then Vice; Doohe,High
Stefani,100,Stefanik; Stefanics; Stefaniks; Stefanis; Stefanics Yes; Stefanics No; Stefanics For Bringing This; Stefanics That; Stefano; Stefanics Welcome; Stefanik Says,High
Roybal Caballero,100,Roybal Caballero If You; Roybal; Roybal Caballero Yes; Roybal Caballero Please; Roybal Caballero Is There,High
Ely,100,Ely For Bringing This; Ely Yes,High
Stapleton,99,Stapleton Please; Stapleton Yes; Stapleton For Bringing This; Stapleton If You Would,High
Thomson,98,Liz Thomson; Thomson Good Morning; Liz Thomson Yes; Liz Thomson House District; Thomson Yes; Thomson For Bringing This,High
Senators,96,Senators My Name; Senators Sold; Senators Communities That Will; In Senators; Senators Thank You So; Senators About This; Senators It; Mckenna Yes Senators Metes; Mckenna Yes Senators Media; Mckenna Yes Senators Maintenance,High
Please Call The Roll,95,Please Call The Vote; Please Call; Please Call The Boat; Call The Roll,High
If You Could Please,93,Please; Could; If You Would Please,High
Moore,93,Moores; Moore Are There Any; Jc Moore; Moores Yes; Moores That; Moores Is There Any,High
Senna Cortez,92,Cortez; Senna; Senna Cortez Here; Senna Cortez Noted Table; Sen,High
Scher,90,Scherer; Scherer Is Saying; Scherer Votes; Scherer Share Votes,High
Leo Jaramillo,89,Jaramillo; Jaramil; Jarami,High
Nava,88,For The Navajo Nation,High
Powdrell Culbert Here,86,Powdrell Culbert; Powdrell Culbert Yes; Culbert,High
Abeta,85,,High
Baldonado,84,Baldonado No; Baldonado Yes; Baldonado For Bringing This,High
Chavis,82,Cha; Nicole Chavis; In Chavis; Chavis Yes; Chavis And The Second; Ann Chavis; Chavis Here,High
Sendo,82,Sendos; Send; Sendosia; Sendo Votes Yes,High
Hoffman,82,,High
Again,79,Once Again; Members The Committee Again; For The Question Again; But Again; Again That; Again It; Brandt And Again; Padilla Again; Again For Bringing This; Hickey Again; So Again,High
Whenever You'Re Ready,79,Read; Whenever; You'Re,High
Uh,78,Scott Uh; Uh Brown; Uh Garrett; Uh Vincent; Uh Hernandez; For Uh; Uh Matthews; Uh De La Cruz; Come Up And Uh; Has Uh As Well; Uh Anaya; Uh Sponsors,High
Burt It,78,Burt,High
Members The Committee Yes,74,Members The Committee Kerry; Members The Committee No; Members The Committee Just; Members The Committee You; Members The Committee So; Members The Committee Jason; Members The Committee We; Members The Committee Kelly; Members The Committee Jim; Members The Committee Very,High
Black,73,Rob Black; Black For Bringing This; Designate Rob Black; Robert Black,High
Committee Members My Name,73,Members My Name; Committee Member,High
Experts,72,Refer To My Experts; Expert; Represent Experts; Do You Have Experts,High
Cates,72,Kathleen Cates; Cates Yes,High
Shendo So,71,Shendo; Shendo No; Shendo So You'Ve,High
Boone,70,Bo; Boone Is Excused; Boon,High
Sarinana,70,Sarinana Here; Sarinana Next We'Re; Sarinana There Any Opposition; Sarinana Yes; Sarinana There; Sarinana No To Table; Sarinana That; Sarinana Would You Tell; Sarinana In The Audience,High
Bert,69,Bert Votes; Bert Yes; Bert Bert Votes; Bert Let Me Ask; Bert Votes Yes; Bert Bert Votes Yes,High
For Bringing This Bill,68,,High
Han,67,Lu Han; There Are No Hands; Hansen; Michelle Lu Han Grisham; You Have Your Hand; Lu Han You Want; Do Hang,High
Speaker Yes,67,Speaker Yes This Will,High
Reeb,67,,High
Shindo,66,Shin; Shindo Here; Shindo Yes; Shindo Votes Yes,High
Um,65,Um How; Pope Um; Stein Born Um; Um Nicole Chavez; Um Expert,High
Bradley,65,Branley; Bradley Votes,High
Stephanics,63,Stephonics; Stephanic,High
Guy Goes,63,Guy; Guy Goes Yes; Goes,High
Tobiasin,63,Tobiasinbotia,High
Doesn,62,Doe; Does,High
Penske,62,If The Penske; Penske Yes; Said Penske Yes; Penske No; So Penske Yes,High
More,61,We Have Three More; Seli Can Speak More; We Have One More; Dance More To Go; More Welcome; One More Question; Just One More Question; More It; More About Maya Yes; Has One More Thing; Talk About This More; Stein More; Asked For More Time,High
How To Meal Yes,61,How To Meal; Meal,High
Henry,60,,High
Go Ahead,60,Yes Go Ahead; Anderson Go Ahead; Okay Go Ahead; We'Ll Go Ahead; Schmedes Go Ahead; Should We Go Ahead; Ah; Go Ahead And Proceed; Candelaria Go Ahead; You Can Go Ahead; Go Ahead And Explain; Go Ahead And Do,High
Stansbury,60,Stansbury Yes; Stansbury Here,High
Hamblen Yes,56,Hamblen Yes Senate Bill; Hamblen Yes In Addition,High
Who,55,Okay Thank You Who; Dow Who; Day Hochman Vigil Who; John Arthur Smith Who; Malinga Claim Who; Who Doesn; Thompson Who,High
Fernandez,55,Fernan; Fernandes,High
Stand For Questions,54,All Stand For Questions; We Stand For Questions; Stand For Questions Okay; Stand,High
Fajardo,54,Fajardo Yes; Fajardo If You'Re,High
President,53,President That,High
So We,51,All Right So We; So We'Ll Go; Powdrell Culbert So We; So We'Re Talking; So We'Re; So We'Re All; So We Will Go; Okay So We'Re; So We Can Get; So We Didn; So We'Re Looking,High
Schmedes,50,Schmedes Yes,High
Members Of The Community,48,Com; Member,High
Clemente,47,Clemente Yes,High
Represented,46,Represented Pettigrew; Represented An Expert; Represented That,High
Care,46,Care Act; Care Act Yes; Members The Committee Care; Members Committee Care About; New Mexico Primary Care; Care Please; Career,High
Cadena,46,Cade,High
Bash,46,Bash Yes,High
Campos Votes Yes,46,Campos Votes,High
Charles,45,Members The Committee Charles; Charley,High
Sheer,45,,High
Stein Born,45,Stein Born Yes; Stein Born Boats; Stein Born Votes; Stein Born Stein Born,High
Duhigg,45,Duhig; Duhigg Yes; Duhigg To Make Sure; Duhigg Yeah,High
Torres Velasquez,44,Torres Velazquez; Torres; Velasquez; Torres Valesquez; Torres Valasquez; Tor,High
For Bringing The Bill,44,Bill,High
Maybe,44,May; Maybe That; Maybe It; Maybe Maybe,High
Gonzales Yes,44,,High
David,43,Davidson; Da; David Abbey And His; David Archuleta Has Moved; Wirth This Is David; Members The Committee David; David Lay,High
No Ma'Am,43,Rain No Ma'Am; Rehm No Ma'Am; Townsend No Ma'Am; Green No Ma'Am; Ma'Am,High
Doig,43,Doigg,High
Before,42,Just Before; Before We Get Started; So Before; Anything Else Before We; Before We Go Forward; Any Concluding Comments Before,High
With The New Mexico,42,,High
Ortez,42,Ortez Yes; Ortez Here,High
Dela Cruz,42,Dela Cruz And Then,High
Sorry,42,Sorry Thank You So; Members The Committee Sorry; Sorry It; Sorry Had To Step,High
Campos Yes,42,Campos Yes Campos Yes,High
Reap Yes,42,Read Yes; Reap,High
My Question Is About,41,About; My Question; Question,High
Russell,41,Rus; Russell That,High
Santa,41,From Santa Fe County; Santa If You Would; Here In Santa Fe; Santa And His Team; At Santa Fe Community; For The Santa Fe; Santa Cortez,High
Azel,41,,High
Shendo Yes,40,,High
Michael,39,Michael Padilla; Michael Pavia; Michael Pritom; Michael Kaplan,High
First,39,First Of All; You Know The First; Jaramillo First; First We'Ll Go; But First Of All; New Mexico Child First; For First Of All,High
Say,39,Hernandez Was Saying; Saying; So You'Re Saying; Scott Was Saying; Say It; So Are You Saying; So When You Say; You Want To Say; Allen To Say,High
Nighters,39,Night; Nighter,High
Morrison,39,Morris,High
Compos,39,Compost; Compose,High
Kenny,38,Kenny Has Been Meeting; Kenny From The Environment,High
Good Morning,38,Good Morning Everyone; Good Morning Everybody; Morning; Good Morning To You; Committee Members Good Morning; Good Morning Good Morning; Perea Warniment Good Morning; Good Morning Can You; Good Morning Everybody So; Good Morning To Everyone,High
Second,38,Give Me One Second; Seconded; Hamblen And The Second; Griggs Second; Campos For The Second; Ferrary In The Second; Mckenna Seconded; Tallman Seconds It; Mckenna For The Second; Tallman Seconds It Any; Masters For The Second; Ely Will Second That,High
For You,37,For Your Presentation; For Your Comments; For Your Bill; For Your Answers; For Your; Committee Members For Your; For Your Answer; For Your Time; For Your Patience,High
Lee,37,Lee Jean Amend This,High
Sariana,37,Saraana; Syriana,High
Karen,37,Karen Sanchez Griego; Karen Bash; Karen Bash Yes; Karen Carson; Karena,High
Phelps Anderson,37,Phelps,High
Smitteez,37,Smitteez No; Smitteez Yes,High
Nova,37,,High
Yes That,36,Yes That Is Correct; Then Yes Yes That; Yes That Would Work; Yes That Is Our; Ivey Soto Yes That,High
Anything,35,If You Have Anything; Do You Have Anything; Wants To Add Anything; Anything Else; Did You Have Anything,High
Also,35,Also It; So Also; Also Yes; Lewis That Also; Louise That Also; Lewis But Also; But Also,High
So That,34,No That; So That Would Be; Do That; Burt Yes So That; Menu Lcs So That; Just So That We; So That We Can,High
Terasas,34,Terazas; Terasa,High
For Green Latinos,34,Green,High
Scrase,34,Scrase And His Team,High
Gave,34,Gave Us; Gave Us Yes Ma,High
Wanted To Make Sure,34,Make Sure; Sure; Wanted,High
Matt Reeves,34,Reeves; Reeve,High
Cullen,33,,High
Royal Caballero,33,Caballero; Roy; Patricia Royal Caballero,High
If It,33,If If If It; If It If It,High
Dao,33,,High
Courtney,33,Court; John Courtney,High
Gregg,33,,High
Ivy Soto,33,Ivy Soto For Bringing; Ivy Soto He; Ivy Soto Would Like; Ivy Soto Is Proposed; Ivy Soto That We; Ivy Soto Is Done; Ivy Soto Stuart,High
Akan,33,Akan Yes,High
One Of The Things,32,One; Thing,High
Davis,32,George Davis; Davis Yes Ma'Am; Davis Yes,High
Steinberg,31,,High
Schendo,31,Schindo; Schendo Votes Yes,High
Rain Yes,31,Rain; Rain Yes Ma'Am,High
For The Question,30,Thanks For The Question,High
My Name Is Tom,30,Tom; My Name Is Jim,High
Miller,29,Miller For His Comments; Miller For Additional Comments; Miller For Any Additional; Margaret Miller,High
At The New Mexico,29,On The New Mexico; In The New Mexico,High
Members Of The Senate,29,,High
Burt Yes,29,,High
Neighbor,28,Neighborhood,High
Presenter,28,Presenters; Presented,High
Here In New Mexico,28,New Mexico; Mexico; In New Mexico,High
Smith,28,Smith Yes; Smith He,High
For Doing This,28,Doing,High
Linier,28,Linier Votes Yes; Linier Votes,High
Ivey Soto Yes,28,Ivey Soto Yes Ma,High
Props Just,27,Props; Pro,High
My Name Is Any,27,Any; My Name,High
Dell,27,Del,High
Rubio,27,Rubio Out Of Florida,High
Designate Collins,27,Collins; Collin,High
Looks Like,26,Like; Look; Looks Like You Got,High
Back,26,Back So; Anderson Are You Back; For The Public Back; Welcome Back; Back To You; Back To The Hospital,High
We Don,26,If We Don; We Do; We We Don,High
Anybody,26,Sanchez Anybody In Opposition; Do We Have Anybody; Does Anybody Have Any; Anybody Else; Anybody In The Audience; Do You Have Anybody,High
Abbey,26,Abbey Please,High
Anyone,26,Anyone Else; Anyone In The Audience; Anyone Else With Questions,High
Serato,26,,High
Smitty,26,Smitty Yes,High
Green Yes Ma'Am,26,Green Yes,High
So Then,25,Then,High
Richardson,25,Richard; Richards; Bill Richardson,High
On On Page,25,On Page; Page,High
Do It,25,Do It Let Me; Do It Yes,High
Semansky Yes,25,Semansky,High
Working,24,Work,High
Lohan,24,Lohan And Then Represent,High
Yes Sir,24,Sir; Kernan Yes Sir My,High
In Your Presentation,24,Your; Present,High
Case,24,Von Case; Von Case And Then; Cases,High
Cole,24,Terry Cole; Coleman,High
Members Of The Committees,24,Committees,High
Moya,24,Maribal Moya; Mirabel Moya; Maripal Moya; Mina Moya; Miramal Moya,High
For New Mexico Counties,24,,High
Okay So Let,24,Okay So; So Let,High
Brantly,24,,High
Keys,23,Alicia Keys; Key; Ricky Keys; Richard Keys,High
For The Motion,23,Sweetser For The Motion; Sanchez For The Motion; Anderson For The Motion; Ferrary For The Motion,High
Chaon Clark,23,Clark,High
With The National Federation,23,,High
Simon,23,Simon Let,High
Williams,23,Williams Stapleton,High
Met,23,Metes; Role Metal; Metzger,High
Didn,23,We Didn,High
Burke,23,,High
Louise,23,Louise That Off Us; Louis,High
So It,22,,High
For The Presentation,22,Thanks For The Presentation; For His Presentation; For Her Presentation,High
Thomas,22,Thomas Yes,High
Good To See You,22,,High
Anderson Yes,22,Phelps Anderson Yes,High
Hotmail,22,Hotmail Yes; Hotmail No,High
Martin Luther King Junior,22,King,High
Sanders,22,Sander; Pulp Sanderson; Sanderson; Paul Sanderson; Bob Sanderson,High
On That Point,21,On That Point Yes,High
Roberto Bobby,21,Robert; Bob; Bobby,High
Thanks,21,Thanks To Your Team; Thanks For Bringing This,High
Paypen,21,Paypen Yes,High
Etcetera,21,Etcetera That; Etcetera Etcetera,High
Soreana,20,Sareana,High
Wuhan,20,,High
As Well,20,As We,High
Isn,20,,High
We Can,20,We We Can; We Can Hear You; Campos We Can Hear; We Can We Can; If We Can Let,High
You'Re Welcome,20,Welcome; You'Re Welcome We,High
Eel,20,Eel To Explain Her,High
Sedillo,20,Cedillo; Sedillo Office; Sedillo This Is Bill,High
Deborah Condit,20,Deborah,High
German,19,Germany,High
You Got,19,Got; You Get,High
Poke,19,Poker,High
If There,19,If If There; If There Are No; In There; If There Would Be,High
Rounds,19,Stan Rounds Go Ahead; Rounds Are There Any,High
Herrerra,19,Herrerra Yes,High
For Being Here,19,For Being Here Today; For Being Here We; Being; Designate For Being Here,High
House Bill Twenty Nine,19,House Bill; Twenty; Nine,High
When She Took Office,19,Office; Too; Took Office,High
Cormann,19,Corman,High
Hockman,19,,High
Shando,19,Shando Votes Yes,High
Sapan Ski Yes,19,Sapan Ski; Japan Ski Yes,High
Current,18,All Current Yes,High
Dickson,18,Dicks,High
Lotta,18,Lot,High
Designate For The Department,18,For The Department,High
Terrazas,18,,High
Gaydos,18,Gaydos Yes,High
Zel,18,Zell,High
Leader,18,Majority Floor Leader; Thompson For Her Leadership,High
Common,18,For Common Cause New; With Common Cause New,High
Dorsey,18,,High
For The Time,17,Tim; Time,High
Linnier,17,Li; Lin,High
Support,17,Support For Economic Development; Has The Support Needed; We Support House Bill; Kernan For Her Support; We Stand In Support,High
How Many Of These,17,Man; These,High
On Senate Bill,17,Senate Bill; Senate; On Senate Bill One,High
Sweetser Please,17,,High
Over There,17,Over,High
Rose,17,Rosen; Rosel; Ros,High
Hilla,17,Hill,High
Kelly,17,,High
Do You Have Any,17,Do You Have An,High
My Estes Yes,17,My Estes,High
Trio,17,,High
Sapansy,17,,High
Good Afternoon,16,Good Afternoon Everyone; Good Afternoon And Welcome; Go; After,High
Greginsky,16,Groginsky; Greg,High
Connie Liu,16,Liu; Connie Lou; Connie,High
Serna,16,,High
Members The Committee When,16,Members The Committee Thanks; Members The Committee John; Members The Committee Chase; Members The Committee Stand; Members The Committee There,High
Grayson,16,Gray,High
Mohan,16,,High
Seven,16,House Bill One Seventy; Senate Bill One Seventy; You Have Seven Yeses,High
Graham,16,,High
On Line,16,Line,High
When You'Re,16,When You'Re Ready; When You'Re Talking; So When You'Re,High
Ezel,16,,High
Your Muted,16,,High
Lang,16,For Dual Language Education; Lang Was Talking About; Langenbrunner,High
Iglesias,16,Iglesias Please; Iglesias That,High
Parker,16,,High
Then Yes Yes,16,Then Yes Yes Yes; Yes Yes,High
Ferrary Yes,16,,High
At This Point,15,At This Point We,High
Shouldn,15,Should,High
Tarasa,15,Tarasas,High
We'Re Gonna Go,15,Gonna; We'Re Gonna Do,High
Terry,15,My Name Is Terry; Loretta Ross Elizabeth Terry,High
Jason Espinoza,15,Espinoza; Jason Espinoza Welcome,High
Okay Let,15,,High
Huh,15,Huh Yes,High
Laying,15,Laying Yes,High
But It,15,,High
Pajon,15,,High
Expert Witnesses,15,Expert Witness,High
Sindo,15,Sindo Votes Yes,High
Abita,15,,High
Dewey,15,,High
Figaro,14,,High
School,14,Products In School Bathrooms; Schools; High School; School And No Person; Albuquerque Public Schools,High
Kadena,14,,High
Position,14,,High
Bowie,14,Jason Bowie,High
We'Re We'Re,14,,High
Ring,14,,High
Dot,14,Dot Com,High
Baker,14,,High
Hermio,14,,High
Gleim,14,Gleim No,High
Ladda,14,Ladda Yes,High
Knows,14,Knows Yes,High
Yes It,14,Yes It Is It; Then Yes Yes It; Yes It Is Okay,High
Weller,14,,High
Jack,14,Jackson; Jim Jackson For Disability,High
Master,14,Masters,High
Duke,14,,High
For District,13,District; For District Thirty Eight,High
Heard It,13,Heard,High
Stated,13,State; Moore Stated,High
Minor,13,Andrew Minor; Thompson And Minority Leader,High
Barrera,13,Barreras,High
Under,13,Under Subsection; My Understanding Is That,High
Members Of The House,13,House,High
So If You Want,13,So If; If If You Want,High
Schardin Clarke,13,Clarke; Schardin Clarke Mention This,High
Chairs,13,,High
About This Can You,13,About This,High
Rolf Schmidt Petersen,13,Schmid; Schmidt,High
Burciaga,13,,High
Actually,13,,High
Neville Yes,13,,High
Tobison,13,,High
Britney But,13,,High
Sapanski,13,Sapansky,High
Nightmare Yes,13,Nightmare,High
Called It,12,Call; Called,High
Terror,12,,High
Pino,12,Ortiz Pino For Bringing; Ortiz Pino; Rtz Pinot,High
Quickly,12,Very Quickly,High
Wouldn,12,If You Wouldn,High
Declared,12,Declared Public Health Emergency; De,High
My Name Is Mark,12,Mark; My Name Is Hank; My Name Is Matt,High
Douglas,12,Doug,High
Sloan,12,,High
Saana,12,,High
Take,12,Sweetser Take; If You Could Take; Has Not Taken,High
Great To See You,12,See,High
Hammond,12,,High
Kerry,12,Kerr,High
Attorney,12,District Attorney; Attorney General,High
Silly,12,,High
Do You Want Me,12,Do You; Do You Want Us,High
Sam,12,Along The Same Lines; Samantha,High
For Aging And Long,12,,High
On Behalf Of Our,12,,High
Mccarthy,12,,High
Isel,12,,High
If You'Re Ready,12,,High
Jaramilo,12,Janamilo,High
Words,12,Word,High
For Teach Plus New,12,,High
Shendo Votes Yes,12,Votes Yes,High
Point Of Order,11,Po; Order; Point,High
For New Mexico Department,11,For New Mexico; Department,High
Members The Committee Represents,11,Represents,High
For Additional Comments,11,For Additional Comment; Macias For Additional Comments; Comments,High
Earlier,11,Earlier Today That,High
Hunt,11,Lou Hunt; Terrel Hunt,High
For The Corrections Department,11,Correct,High
Bauer,11,,High
Engineer,11,State Engineer,High
Sleep,11,Slee,High
Health Action New Mexico,11,,High
Beta,11,,High
Woman,11,,High
So There,11,,High
You'Re On Mute,11,,High
Local,11,,High
Jordan,11,Bill Jordan,High
Absolutely,11,Absolutely That; You'Re Absolutely Correct,High
New Mexico Kids Can,11,Kids,High
Cerrado,11,Linda Cerrado,High
Moved To Pass,11,Pass; Move; All Moved To Pass,High
Calling,11,Calling The Roll; Calling Role,High
Allen,11,,High
Sponsors,11,Sponsor,High
Renewable,11,Renewable Is That,High
Cenic,11,,High
Hamlet,11,,High
For The Audubon Society,11,,High
Berman,11,Bermans,High
Brett,11,,High
Where,11,Night Where Yes,High
Camposia,11,,High
Judiciary,11,Members Of The Judiciary; Welcome To House Judiciary,High
Ream,11,,High
Since,10,Since Twenty Seventeen,High
We'Ve Talked About,10,Talked About; Talk,High
Next We'Re Going,10,Next We'Re Gonna; Going,High
Something,10,Some,High
Jorgensen,10,,High
Buck,10,Bucket,High
Sale,10,,High
So How Do We,10,How; How Do,High
Swetser,10,Swetser Here; Swetser Yes,High
Adams,10,Adam,High
For The State Treasurer,10,Treasure; For The State,High
For The Children Youth,10,Child,High
Myron Armijo,10,Armijo,High
Chief Justice,10,Chief; Justice,High
Tear,10,,High
Capital Yes,10,Capital,High
Doll,10,,High
Others,10,Other; Others In The Same; Any Others In That; Great Thank You Others,High
Members Of The Commission,10,,High
Do We Have Any,10,,High
Sweetser Here,10,,High
If That,10,,High
If If,10,,High
Manager,10,Dunkin Thank You Manager,High
Weeks,10,,High
Process,10,Processes,High
Pat,10,Patrick; Committee Members Patrick Killen; My Name Is Pat,High
Hughes,10,,High
General,10,In General; For The General Services,High
Linda,10,Members The Committee Linda,High
With Your Permission,10,With You,High
Lustrom,10,,High
Novell,10,Novel; Novell No,High
Campos For Bringing This,10,,High
Sanchez Yes,10,,High
Burton,10,,High
Billington,10,Billington Leri Sonntag,High
For Any In New,10,For Any,High
Thompson For Bringing This,10,,High
Brant Votes Yes,10,,High
Yeo,10,,High
Each Of Us,10,,High
Gurola,9,,Medium
One Of My Questions,9,Questions,Medium
Just One Quick Question,9,Just One,Medium
At The Time,9,,Medium
Remembers,9,Remembers That,Medium
Bri For That,9,Bri,Medium
Salif,9,Sali,Medium
Hochman Vigil Yes,9,,Medium
Pedigree,9,,Medium
Members Of The Panel,9,Panel; Members Of The Many,Medium
Charron,9,Chardon,Medium
Cherry,9,,Medium
Sweetser Is There Any,9,Sweetser Is There,Medium
Put,9,,Medium
Monthly,9,Month,Medium
For That Answer,9,,Medium
For That Question,9,For For That Question,Medium
Did You Have Any,9,Did You; Did You Have An,Medium
Jobs,9,Job,Medium
Auditor,9,,Medium
Committee It Does Not,9,Not,Medium
Excuse Me,9,,Medium
Archuleta,9,,Medium
Brian,9,Brian Blaylock And Senior; Brian Moore,Medium
Jason Weaks,9,We Have Jason Weaks,Medium
For Donana County,9,County,Medium
Let Me Let Me,9,,Medium
Land,9,For The State Land; Land That; Landed Yes,Medium
Lunch,9,Lunchtime,Medium
Linte,9,,Medium
Docket Yes,9,Docket; Dock,Medium
Moon,9,Moon Yo,Medium
From District Fifty Nine,9,From District,Medium
For Aarp New Mexico,9,,Medium
Quite,9,,Medium
Sold Their,9,Sold,Medium
So Yes,9,,Medium
Riel,9,,Medium
City,9,,Medium
Sentence,9,Sent,Medium
For Bringing It,9,For Bringing It Forward,Medium
Staff,9,Her Chief Of Staff,Medium
Jim,9,,Medium
Part,9,On This Particular Piece; Night Part; My Part,Medium
Travis,9,Travis Here,Medium
Joanne,9,Joanne For Our,Medium
Reading,9,,Medium
Night Burt,9,,Medium
Night We'Re,9,,Medium
Covenant,9,,Medium
Really,8,Just Really Quickly; Really Appreciate It,Medium
Ward,8,,Medium
Sarana,8,Saranana,Medium
Timmons,8,Simmons,Medium
For Native American Early,8,America,Medium
Free,8,Freeman,Medium
If You Would Like,8,,Medium
Shepherd,8,,Medium
Respond,8,Then Respond; Through Here To Respond; Allen To Respond,Medium
Connor,8,,Medium
Getting,8,Get,Medium
At This Time,8,So At This Time; At This Time We,Medium
Pepin,8,,Medium
Sally,8,,Medium
Garland,8,,Medium
How To Me Yes,8,How To Me,Medium
For Me,8,,Medium
Bach,8,Bachmann,Medium
Wants,8,Taurus Wants To Add; Wants To Talk About; Wants To Do,Medium
Appreciate,8,Appreciate The Time; Appreciate It,Medium
Set,8,Setting At Yes; Do Set; Set Up Though,Medium
Hasn,8,Campos Hasn,Medium
With All Due Respect,8,,Medium
Online On Page Thirty,8,Online,Medium
We Do Have An,8,,Medium
Designee,8,Designee For The Economic,Medium
Hawkman,8,Hackman,Medium
Members Committee My Name,8,,Medium
Vetoed It,8,Vetoed,Medium
Bursey,8,Bursey August,Medium
Stern,8,,Medium
Person,8,,Medium
At The Mexico Chamber,8,Chamber,Medium
Valente,8,,Medium
Speaker Kind Lady,8,Lady,Medium
Any Other Questions,8,Other Questions,Medium
At All,8,At All Times,Medium
For Bringing This Legislation,8,,Medium
With New Mexico Family,8,,Medium
But That,8,But That That,Medium
Neville No,8,,Medium
Result,8,Result Please,Medium
On The List,8,Next On The List,Medium
Haven,8,,Medium
You Have An Expert,8,An Expert,Medium
In San Miguel County,8,Miguel,Medium
Mccatchen,8,Mccutchen,Medium
Aument,8,,Medium
Berkins,8,,Medium
Vargas,8,Vargas To Answer Your,Medium
For The Healthcare Authority,8,,Medium
Christine Sims,8,Sims,Medium
Just So You Know,8,Just So,Medium
Grant,8,Grant Votes Yes,Medium
Shino,8,Shino Votes Yes,Medium
Let Me Ask You,8,,Medium
Truhill,8,Trehill,Medium
Designate Cassano,8,Cassano,Medium
Molly Mclean,8,Mclean,Medium
Trusses,8,,Medium
Snyder Yes,8,Snyder,Medium
Guerreros,8,Guerreros Yes Ma'Am,Medium
Duha,8,Duhag,Medium
Chasing,8,,Medium
Morris Yes,8,,Medium
Kadina,8,,Medium
Ramiro,7,,Medium
For The Indian Affairs,7,India,Medium
Queen,7,,Medium
Coola,7,Cool,Medium
Cohen,7,,Medium
Issued An Executive Order,7,Issued,Medium
Zamora,7,,Medium
Bohan,7,,Medium
Vinson,7,,Medium
Warren,7,Stein Warren,Medium
Densmore,7,Dinsmore,Medium
Blalock,7,,Medium
Dear,7,,Medium
Next We'Ll Go,7,,Medium
Costello,7,,Medium
Sweetser For Our Motion,7,,Medium
Ferris,7,Ferri,Medium
Pereira,7,,Medium
Kind Of Explained That,7,Explained; Kind,Medium
Valdez,7,,Medium
For The Last Three,7,Three,Medium
For The Last Two,7,Two,Medium
House District Three Which,7,Which,Medium
Hundred Next We'Re,7,Hundred,Medium
For The Bill,7,,Medium
Silver,7,,Medium
Briefly,7,Just Briefly; Pettigrew Briefly,Medium
Macias,7,,Medium
Jessie Barnes,7,Barnes,Medium
On Section,7,Section; In Section,Medium
Curry,7,,Medium
Check,7,Checks,Medium
Emily Oster Administrative Services,7,Services; Service,Medium
Sandoval,7,Sando,Medium
You'Re You'Re,7,,Medium
Around,7,,Medium
Frank,7,Members The Committee Franklin; Members Of Canadian Franklin,Medium
For The Alzheimer,7,,Medium
Response,7,For Global Medical Response; For That Response,Medium
Appointees,7,,Medium
Dial,7,,Medium
Monte,7,Montes,Medium
Reese,7,Reese Yes,Medium
Harris Here,7,Harris,Medium
Hamblen No,7,,Medium
Bennett,7,Bennet,Medium
For The Rio Grande,7,Rio,Medium
Lock,7,Lock With The National; Locke,Medium
Guy It Goes,7,Guy It Goes Yes,Medium
Lemon,7,,Medium
Yes So,7,Then Yes Yes So,Medium
Give You,7,Just To Give You; Let Me Give You,Medium
Schmitt,7,,Medium
Thomann,7,Thoman,Medium
Noted,7,,Medium
Sarah Bortz,7,Sarah,Medium
Derrick,7,Derrick Please,Medium
Corolla Yes,7,Corolla,Medium
Margaret Cage,7,Cage,Medium
Next On My List,7,,Medium
Lillian Torrez,7,Torrez,Medium
For Over Twelve Years,7,Twelve; For Over,Medium
Taylor,7,,Medium
Campos So,7,Campos No,Medium
Tobias And Votes,7,Tobias And Votes Yes,Medium
Stuart,7,Ivey Soto Stuart,Medium
Gray For Cell Numbers,7,Number,Medium
Proposed,7,Ivey Soto Is Proposed; Ivey Soto This Proposed,Medium
Phillips,7,,Medium
Bone,7,,Medium
Hull,7,,Medium
Wasn,6,,Medium
Guola,6,,Medium
Amador,6,Am,Medium
Appointed,6,Appointee,Medium
So So,6,,Medium
Therasas,6,,Medium
Soli,6,,Medium
Everything,6,Every,Medium
Rometo,6,Rometo If You Would,Medium
Misia,6,,Medium
Fisher,6,,Medium
Future,6,For Bold Futures; With Gold Futures We,Medium
Laura,6,,Medium
Signed It,6,Signed,Medium
For The Economic Development,6,,Medium
Hernon,6,,Medium
Program Yes,6,Program,Medium
Subcommittee,6,Members Of The Subcommittee,Medium
Got Joe,6,Joe,Medium
Tiffany Rivera,6,Rivera,Medium
Dale,6,,Medium
Solely,6,,Medium
Seli,6,,Medium
Riley White,6,White,Medium
So With That,6,So With That We,Medium
As Amended,6,As Amended As Amended; As Amended Yes,Medium
House Bill Sixty Eight,6,Eight,Medium
Sharon,6,,Medium
Solomon,6,,Medium
Obeda,6,,Medium
Hamilton,6,Hami,Medium
If You If You,6,,Medium
Superintendent,6,,Medium
Gone,6,All Gone,Medium
Mayor,6,,Medium
Carroll,6,,Medium
Adrian,6,Adrian Bratcher,Medium
Box,6,Boxes,Medium
With That We Stand,6,,Medium
Campbell,6,,Medium
Members The Committee Carl,6,Members The Committee Marla; Members The Committee Larry,Medium
Myers,6,,Medium
Wilson,6,,Medium
Colbert,6,,Medium
Yes To Table,6,,Medium
With That Will Stand,6,,Medium
Uses,6,Use,Medium
Both,6,,Medium
Most Of My Questions,6,Most,Medium
Fleischer,6,,Medium
Mary,6,,Medium
Members The Committee Mike,6,Members The Committee Rikki,Medium
Bancos Yes Ma'Am,6,Yes Ma'Am,Medium
Why Don,6,,Medium
But Anyway,6,Anyway,Medium
Members Of The Board,6,,Medium
Okay Yes,6,,Medium
Move You Test,6,,Medium
Grace,6,,Medium
For Years,6,Years,Medium
Ross,6,,Medium
Shchino,6,,Medium
Duhe,6,Duheg,Medium
For Bringing Forth This,6,Fort,Medium
Lisa Hofler,6,Hofler,Medium
For The Early Childhood,6,,Medium
Ladder,6,,Medium
For Any New Mexico,6,,Medium
Dal Yes,6,Del Yes,Medium
For The Public Education,6,,Medium
For New Mexico Mesa,6,For New Mexico Yes,Medium
Tre Hill,6,Tru Hill,Medium
Burt No,6,Night Burt No,Medium
Sullivan,6,,Medium
Anderson Are You There,6,,Medium
Pants Yes,6,Pants,Medium
Mess,6,,Medium
Homan,6,,Medium
Right Yes,6,Night Yes; Right Yes Ma'Am,Medium
Ivey Soto You'Re,6,,Medium
Ivey Soto It,6,Ivey Soto If; Ivey Soto It Would,Medium
Risotto,6,,Medium
Pendergrass,5,Pen,Medium
For Pointing Out That,5,,Medium
Soz,5,,Medium
Ryan,5,Ryan Lane,Medium
Members Of The Coming,5,Members Of The Commi,Medium
Once,5,,Medium
Bloch,5,,Medium
Women,5,For The Southwest Women,Medium
Abeda,5,Abe,Medium
Tarazas,5,,Medium
Site,5,On Site,Medium
Lada,5,,Medium
One Question It,5,One Question,Medium
Jeremy,5,,Medium
Jeff,5,,Medium
Pettigrew Please,5,,Medium
Reagan,5,,Medium
Just To Clarify,5,,Medium
Eric,5,Erica Anderson,Medium
Michele Gallagher Roberts Cfo,5,Roberts,Medium
Avid,5,,Medium
Okay We'Re Gonna,5,,Medium
For Emotion,5,,Medium
Sanchez There,5,Sanchez There Any Opposition,Medium
Kinney,5,,Medium
Delacruz,5,,Medium
Makes,5,,Medium
Group,5,,Medium
We'Re Talking About,5,,Medium
Cordoba,5,,Medium
Gary,5,,Medium
My Name Is Jerry,5,Jerry,Medium
Anderson That,5,,Medium
Dall,5,Dallas,Medium
Turned,5,,Medium
Okay It,5,,Medium
Abby,5,,Medium
Pettigrew We'Re Gonna,5,,Medium
Anderson No,5,,Medium
Sweetser No,5,,Medium
Gwen Perea Warniment,5,Warniment,Medium
Cherif,5,,Medium
Probably,5,Richards Could Probably Answer,Medium
Fox Yes,5,Fox,Medium
Nelson,5,,Medium
My Name Is Becky,5,Beck,Medium
Law Enforcement,5,Law,Medium
Given,5,Give,Medium
Writing,5,,Medium
Real Quick,5,,Medium
Daylight,5,Day,Medium
Analyst,5,,Medium
Andrew Miner,5,Miner,Medium
Cheney,5,,Medium
Okay Thank You So,5,Okay Thank You We,Medium
Till,5,,Medium
Do Please,5,So Please,Medium
Census,5,,Medium
Having,5,About Having,Medium
Hail,5,,Medium
Whitty,5,,Medium
Just One Question,5,Worth Just One Question,Medium
For Recommendation,5,,Medium
Reto,5,,Medium
We Have An Amendment,5,,Medium
Later,5,Late,Medium
Casados,5,,Medium
For Those Reasons,5,Reason,Medium
Myself,5,Hochman Vigil And Myself,Medium
Steiner,5,,Medium
With New Mexico Idea,5,,Medium
You Able To Hear,5,,Medium
My Instance,5,,Medium
For The Gaming Control,5,Control,Medium
For This Bill,5,,Medium
Wagner,5,Ashley Wagner,Medium
Liz Thompson,5,Liz Thompson Yes,Medium
Dominic,5,,Medium
Though,5,,Medium
Representing,5,Representing Tens Of Thousands,Medium
Dunkin,5,,Medium
On Board,5,Board,Medium
University In Governmental Studies,5,Government,Medium
Signs It,5,Signs,Medium
For Think New Mexico,5,,Medium
Madden,5,Rick Madden,Medium
Please Start Your Presentation,5,Start,Medium
You Know There,5,,Medium
Sirventes,5,Sirventes Yes,Medium
At Conservation Voters New,5,Vote,Medium
Reel,5,,Medium
Savantes,5,,Medium
Ville,5,,Medium
We Respectfully Oppose This,5,Respectfully,Medium
For Northern New Mexico,5,,Medium
Holland,5,,Medium
Heinrich,5,,Medium
With That We Will,5,,Medium
Fierro,5,,Medium
Bringing This Bill Forward,5,,Medium
Mccain,5,,Medium
Jail,5,,Medium
Pain,5,John Painter,Medium
Sanchez No,5,,Medium
Berns,5,,Medium
True,5,,Medium
Tommen,5,,Medium
Everyone,5,Hi Everyone,Medium
Trump,5,,Medium
Near,5,Nearby Milan Yes,Medium
Larry Lehman,5,Lehman,Medium
Committee Members Can You,5,,Medium
Capos,5,,Medium
Place,5,Sweetser Place,Medium
Brands,5,,Medium
Somebody,5,,Medium
Braley,5,,Medium
You Guys,5,You Guys Too,Medium
From District One,5,From District One Which,Medium
Lata,5,,Medium
Directly,5,Direct,Medium
Gear,5,,Medium
Burn Sting,5,Ellen Burn Sting,Medium
For Bring This Forward,5,,Medium
So House Bill One,5,On House Bill One,Medium
On The Task Force,5,Task Force,Medium
Your Bill Is Amended,5,Your Bill,Medium
Pulp,5,,Medium
With Us,5,For Being With Us,Medium
Van Winkle,5,,Medium
Steinmo,5,Steinmore,Medium
Campos Votes No,5,,Medium
Stein Board,5,,Medium
Yas,5,,Medium
Trull,5,,Medium
Tobias Sibozia,5,Tobias Sibosia,Medium
Tobias And Botia,5,Tobias And Bosia,Medium
Turner,5,,Medium
Cakes,5,,Medium
Richard Larson,5,,Medium
On Page Two,5,On Page Two Line,Medium
Mccoy,5,,Medium
For The Mexico Chamber,5,,Medium
Connelly,5,Connolly,Medium
For The National Rifle,5,,Medium
Mechanic,5,Mechanic Can,Medium
Just Got,5,,Medium
You Have Six Yeses,5,You Have Six Yess,Medium
Speaker No,5,Speaker So,Medium
Katana,5,,Medium
Re Yes,5,,Medium
Outcome,5,Outcomes,Medium
Meetings,4,,Medium
Creates,4,Created,Medium
Marco,4,,Medium
But Yeah,4,,Medium
Chap,4,Chapter,Medium
Vinaya,4,,Medium
Terrible,4,,Medium
Reid,4,,Medium
Mclaughlin,4,,Medium
At Cottonwood Classical Preparatory,4,Class,Medium
With That We'Re,4,With That We'Ll,Medium
Latta,4,,Medium
Borego,4,,Medium
Gates,4,,Medium
Briding,4,,Medium
Within The New Mexico,4,Within,Medium
You Indicated,4,Indicated,Medium
Earned,4,,Medium
Anderson It,4,,Medium
For Her Comments,4,,Medium
Moving Into,4,Into,Medium
For The Lfc Recommendation,4,For The Llc Recommendation,Medium
For The Environment Department,4,,Medium
Accrues,4,,Medium
Roper,4,,Medium
Designate For The Economic,4,Economic,Medium
Church,4,,Medium
Pettigrew And Then Ranking,4,Ran,Medium
Level,4,,Medium
Ivory,4,,Medium
For Northern Regional Housing,4,Region,Medium
Herman,4,,Medium
Capture,4,,Medium
Burlington,4,Bur,Medium
You Have To Do,4,,Medium
We'Ve Got,4,,Medium
Yeah Yes,4,,Medium
For Department Of Information,4,,Medium
Peter Schoenberg,4,Peter,Medium
For That Clarification,4,,Medium
For That So,4,For That So If,Medium
In The State Budget,4,In The State,Medium
House District Sixty Nine,4,Six,Medium
Last Year,4,,Medium
Kirk,4,,Medium
Term,4,Term Bash Yes,Medium
Vodka,4,,Medium
Charity,4,,Medium
Chardon Clark,4,,Medium
Probst,4,,Medium
Sarato,4,,Medium
With Nea New Mexico,4,,Medium
Salazar,4,,Medium
Field,4,,Medium
Wrote,4,,Medium
Gerald,4,My Name Is Gerald,Medium
Okay Great,4,,Medium
Although,4,Although It,Medium
Area,4,From Los Crucis Area,Medium
Amanda,4,Members The Committee Amanda,Medium
Roger,4,,Medium
Members Of The Public,4,Public,Medium
Pays,4,Pay,Medium
Abbott,4,,Medium
Romo,4,,Medium
Harder,4,Har,Medium
Live,4,For The Livestock Board,Medium
Harm You,4,,Medium
Ranking Member,4,,Medium
Jeannie Oakes,4,,Medium
Up Yes,4,,Medium
Fitzgerald,4,,Medium
Talk About,4,Great To Talk About,Medium
Members Thank You So,4,Members Thank You All,Medium
Francisco,4,Francis,Medium
Vasquez,4,Torres Vasquez,Medium
Nichols,4,,Medium
On This Amendment,4,Amendment,Medium
My Questions Been Answered,4,My Questions Were Answered,Medium
Brigman,4,Bregman,Medium
Harry,4,Harry Antonio Junior,Medium
Versi Aga,4,Versi,Medium
For Finance Administration,4,Finance,Medium
Hochman Vigil And Then,4,,Medium
We Won,4,Won,Medium
Doubt,4,,Medium
Rock,4,,Medium
Excellent,4,Did An Excellent Job,Medium
Probes,4,,Medium
You Know You'Ve,4,You Know You'Re,Medium
You Have An Amended,4,,Medium
But We,4,,Medium
Not That,4,,Medium
If He Can Make,4,He Can,Medium
Mais,4,,Medium
You Have To Pass,4,,Medium
House Bill One Ninety,4,House Bill One Eighty,Medium
Speaker Think You'Re,4,Think,Medium
Final Tell His Ten,4,Tell,Medium
Clinton,4,,Medium
We Need,4,,Medium
You Are Muted,4,,Medium
Sure That,4,Make Sure That All,Medium
Guided Us,4,,Medium
Here That,4,,Medium
Powell,4,,Medium
Mondays,4,,Medium
Serve On This,4,,Medium
Compass,4,,Medium
New Mexico Interfaith Power,4,,Medium
Phonics Test,4,Phonics,Medium
Campos Are You Here,4,You Here,Medium
Carpenter,4,Carpenter May Have Some,Medium
Gibson,4,,Medium
Sanchez Here,4,,Medium
Nobel,4,Nobel Yes,Medium
Marks,4,,Medium
But Yes,4,,Medium
Taking,4,Taking Role,Medium
Just Like,4,Just Like To Introduce,Medium
Dantonio,4,Dan,Medium
Lisa Kakari Stone,4,Lisa,Medium
Wheeler,4,,Medium
Rael,4,,Medium
There Is An Amendment,4,,Medium
Rand,4,Committee Members Randy Trainer,Medium
Stephanix,4,Stephanie,Medium
Harramio,4,Harrami,Medium
Mail,4,,Medium
How To Be Able,4,How To Be,Medium
Minos,4,,Medium
Hearty Meal,4,,Medium
Burns,4,Stein Burns,Medium
On The Amendment,4,Discussion On The Amendment,Medium
Just Described,4,Described,Medium
For The Human Services,4,,Medium
My Name Is Justin,4,My Name Is Just,Medium
Neil,4,,Medium
Tomlinson,4,,Medium
Bolton,4,,Medium
Leo How To Meal,4,Leo How To Me,Medium
In New Mexico Voices,4,,Medium
Shortage,4,,Medium
Do Hick,4,Do Heck,Medium
Glass And Deborah Thorn,4,Glass,Medium
But But,4,,Medium
Doha,4,,Medium
Harmony,4,Harmon,Medium
Just Wanted To Let,4,Just Wanted,Medium
From Taxation And Revenue,4,Tax,Medium
Risel,4,,Medium
Barker,4,,Medium
Speaker That,4,Speaker That We Do,Medium
If You Would Call,4,,Medium
Bell,4,,Medium
Hope,4,Committee Members We Hope,Medium
Figura,4,,Medium
With Nea In New,4,,Medium
Andrea,4,,Medium
With Any New Mexico,4,,Medium
But If,4,,Medium
Roel Caballero,4,Roel,Medium
Lana,4,Lanai,Medium
Boom,4,,Medium
Novi,4,Novin,Medium
Ellen,4,,Medium
You Too,4,,Medium
Gonzales Are You There,4,,Medium
Korea,4,,Medium
In Albuquerque,4,,Medium
News,4,News Yes,Medium
In The Room,4,,Medium
Campos This,4,,Medium
Sign Born,4,,Medium
Tobias In Votes,4,,Medium
When You Yes,4,,Medium
Gonzales No,4,,Medium
For The Medical Cannabis,4,,Medium
Without,4,,Medium
Hochman Vigil Is Here,4,,Medium
Siegel,4,,Medium
You Ready For Us,4,,Medium
Protective Services At Cyfd,4,,Medium
New Mexico Dental Association,4,,Medium
For New Mexico Family,4,,Medium
Payee,4,,Medium
So This,4,So This Is This,Medium
Basanti,4,,Medium
Gaos,4,,Medium
Toronto,4,,Medium
Mission,4,,Medium
Certain,4,Certainly,Medium
Policy For The New,4,,Medium
Ivey Soto Are You,4,,Medium
Izzy,4,,Medium
Nighbor,4,,Medium
Oakland,4,,Medium
Vocals,4,Vocal,Medium
Chassis,4,,Medium
Ivey Soto Would You,4,,Medium
Very Good,4,Okay Very Good,Medium
Reeve Yes,4,,Medium
Condemned,4,,Medium
Read No,4,,Medium
If We Could Just,4,,Medium
About This Yes,4,,Medium
Doick,4,,Medium
Dewi,4,Dewitt,Medium
Dude,4,,Medium
Kevin,4,,Medium
Witty,3,,Medium
Training,3,,Medium
Grola,3,,Medium
Behind,3,,Medium
Just Just,3,,Medium
Blanc,3,,Medium
Search,3,,Medium
Should Be,3,,Medium
Borrego,3,,Medium
For The Energy,3,,Medium
For The Legislative Education,3,,Medium
Sanchez Is There Any,3,,Medium
You Know It,3,,Medium
Sweetser Your,3,,Medium
Members Of The Council,3,,Medium
Minister,3,,Medium
Colin,3,,Medium
Sanana,3,,Medium
Spencer,3,,Medium
Shire,3,,Medium
Troy,3,,Medium
Money,3,,Medium
Post,3,,Medium
Barbara,3,,Medium
Like Cruz,3,,Medium
Hired,3,,Medium
Alright,3,,Medium
Went,3,,Medium
Herera,3,,Medium
Federal,3,,Medium
For The Agency,3,,Medium
Bush,3,,Medium
Hochman Vigil Your,3,,Medium
Perhaps,3,,Medium
Neal Bowen,3,,Medium
Reminded Me,3,,Medium
We'Ve We'Ve,3,,Medium
Pettigrew Next We'Re,3,,Medium
Like To Turn It,3,,Medium
Hennessey,3,,Medium
My Name Is Gail,3,,Medium
Lost,3,,Medium
Switzer,3,,Medium
Feron,3,,Medium
Address That,3,,Medium
Figure,3,,Medium
Pops,3,,Medium
Draghi,3,,Medium
House Bill Thirty Three,3,,Medium
Jd Bullington,3,,Medium
Mccamley,3,,Medium
Amber Gallop,3,,Medium
One Point,3,,Medium
Drive,3,,Medium
Okay Thank You All,3,,Medium
One Thing,3,,Medium
Data,3,,Medium
Chatville,3,,Medium
Fuse,3,,Medium
Griego,3,,Medium
Had Emilio,3,,Medium
Sweetser Next We'Re,3,,Medium
Very Much,3,,Medium
Hendricks,3,,Medium
Diego,3,,Medium
For His Remarks,3,,Medium
Berger,3,,Medium
Rapp,3,,Medium
Rubin,3,,Medium
Hereta,3,,Medium
Lesc,3,,Medium
Joey,3,,Medium
Hendon,3,,Medium
Included,3,,Medium
Weights,3,,Medium
During,3,,Medium
Told Me,3,,Medium
From The New Mexico,3,,Medium
People,3,,Medium
Sounds Like,3,,Medium
Lite,3,,Medium
Flannery,3,,Medium
Verera,3,,Medium
Alkon,3,,Medium
Senior,3,,Medium
For Breath Of My,3,,Medium
Well That,3,,Medium
For The Opportunity,3,,Medium
Call Then,3,,Medium
Pena,3,,Medium
Jenkins,3,,Medium
While He,3,,Medium
New Mexico Bankers Association,3,,Medium
Dennis,3,,Medium
In Chief,3,,Medium
Guidance,3,,Medium
Show,3,,Medium
For Bringing Forward This,3,,Medium
Torah,3,,Medium
Speaker If,3,,Medium
Anymore,3,,Medium
If You'Ll Indulge,3,,Medium
Needs,3,,Medium
Do You Know How,3,,Medium
Hadn,3,,Medium
Apologies,3,,Medium
Elected,3,,Medium
With New Mexico Voices,3,,Medium
One Other Thing That,3,,Medium
You Want To Go,3,,Medium
Works,3,,Medium
Nayer,3,,Medium
Vegas,3,,Medium
While We'Re Waiting,3,,Medium
Course,3,,Medium
Steve,3,,Medium
For The Consumer Energy,3,,Medium
For Aarp In New,3,,Medium
Committee Members And Bill,3,,Medium
No It,3,,Medium
Hamblen Just,3,,Medium
Sheldon,3,,Medium
Uzel,3,,Medium
Ruel,3,,Medium
Members Of The Conservation,3,,Medium
Sells,3,,Medium
Brock,3,,Medium
Communities,3,,Medium
At The Energy Minerals,3,,Medium
Ruzel,3,,Medium
Surrounded,3,,Medium
Yel,3,,Medium
Diesel,3,,Medium
For New Mexico Wild,3,,Medium
Stefano Yes,3,,Medium
Honey,3,,Medium
As We Go Forward,3,,Medium
Gonzales For Sponsoring This,3,,Medium
Hamblen That,3,,Medium
Hamley,3,,Medium
No One,3,,Medium
Font Yes,3,,Medium
Senate Bill One Fifty,3,,Medium
Called The Roll,3,,Medium
Soles,3,,Medium
For New Mexico Association,3,,Medium
Diagnosed,3,,Medium
Isa,3,,Medium
For Conservation Voters New,3,,Medium
Briggs,3,,Medium
At New Mexico Cancer,3,,Medium
Duig,3,,Medium
Sharp,3,,Medium
Senses,3,,Medium
Dohe,3,,Medium
Gonzales For Bringing This,3,,Medium
Mills,3,,Medium
Schiff,3,,Medium
Naba,3,,Medium
Brat,3,,Medium
Cause,3,,Medium
Payton,3,,Medium
Sita,3,,Medium
Rod Regus,3,,Medium
Years Ago,3,,Medium
Itself,3,,Medium
Said Yes,3,,Medium
Gramm,3,,Medium
Werth,3,,Medium
With The Greater Albuquerque,3,,Medium
Help,3,,Medium
Oral Caballero,3,,Medium
Said He,3,,Medium
You Sell,3,,Medium
Well There,3,,Medium
Role,3,,Medium
For And On Behalf,3,,Medium
Perea Warniment If You,3,,Medium
Garant,3,,Medium
For All Of Your,3,,Medium
Editor,3,,Medium
For New Mexico State,3,,Medium
Longer,3,,Medium
Could You Could You,3,,Medium
If You'Re Not,3,,Medium
You'Re Muted,3,,Medium
Bacchus,3,,Medium
For The National Association,3,,Medium
Marquez,3,,Medium
Speak To That,3,,Medium
Full Yes,3,,Medium
Sewell,3,,Medium
Pentel,3,,Medium
Plaza,3,,Medium
For The Last Couple,3,,Medium
Pavia,3,,Medium
For Elevate The Spectrum,3,,Medium
Bison,3,,Medium
Couples,3,,Medium
Dubai,3,,Medium
Spent,3,,Medium
Gonzales Please,3,,Medium
Tree Hill,3,,Medium
Designate Of The Public,3,,Medium
Trainer,3,,Medium
Jacob,3,,Medium
For Asking That Question,3,,Medium
Alan,3,,Medium
Schino,3,,Medium
Truil,3,,Medium
Tells,3,,Medium
As We Move Forward,3,,Medium
Treil,3,,Medium
Vice,3,,Medium
Lindsey,3,,Medium
Campos You'Re Next,3,,Medium
Steinbar,3,,Medium
Shao,3,,Medium
Okay There,3,,Medium
But You Know We,3,,Medium
In Just,3,,Medium
Please Proceed,3,,Medium
Yes But,3,,Medium
Over The Legislative Finance,3,,Medium
Delgado,3,,Medium
You Can Do That,3,,Medium
Oh,3,,Medium
For The Assessors Affiliate,3,,Medium
For Carrying This Bill,3,,Medium
Bentley,3,,Medium
Insect,3,,Medium
Senate Cortez,3,,Medium
At Children,3,,Medium
Benaya,3,,Medium
Birnbaum,3,,Medium
Keats,3,,Medium
Alice,3,,Medium
Substitute Motion To Table,3,,Medium
Robson,3,,Medium
Dresses,3,,Medium
Naya,3,,Medium
Presenting,3,,Medium
So Yeah,3,,Medium
Received,3,,Medium
Brittney About,3,,Medium
For The Adelante Progressive,3,,Medium
Dole,3,,Medium
Kwan,3,,Medium
Schwartz,3,,Medium
Just To Be Clear,3,,Medium
Tomorrow Any Other Discussion,3,,Medium
Okay Good,3,,Medium
Read Here,3,,Medium
Reeve Here,3,,Medium
Speaker Just,3,,Medium
Alcohol,3,,Medium
Ivey Soto Did You,3,,Medium
Captain,3,,Medium
Moses,3,,Medium
Speaker Egolf,3,,Medium
Divert,3,,Medium
Sapansky Yes,3,,Medium
Sapolsky Yes,3,,Medium
Suggested,3,,Medium
Ivey Soto Is Proposing,3,,Medium
About This No,3,,Medium
Ivey Soto And Then,3,,Medium
Mendis,3,,Medium
Deit,3,,Medium
Mceneaney,3,,Medium
Dudley,3,,Medium
Parajuan,3,,Medium
Rotation,2,,Low
Anita,2,,Low
Geos,2,,Low
For The Hispanic Education,2,,Low
Emsley,2,,Low
Serana,2,,Low
Gorola,2,,Low
Hathaway,2,,Low
Following,2,,Low
Polk,2,,Low
Chaves,2,,Low
Sontag,2,,Low
Wangler,2,,Low
Yes If,2,,Low
Could You Repeat That,2,,Low
Obea,2,,Low
Nair,2,,Low
Ii,2,,Low
Cabinet,2,,Low
Ariana,2,,Low
Growth,2,,Low
Rassas,2,,Low
Teresa,2,,Low
For Audubon Southwest,2,,Low
Cassius,2,,Low
Silla,2,,Low
Provide,2,,Low
Sani,2,,Low
Offensive,2,,Low
Tonight,2,,Low
Members This Committee We,2,,Low
My Name Is Heather,2,,Low
Plenty,2,,Low
Linta,2,,Low
Rally,2,,Low
We Do Have Some,2,,Low
Phone,2,,Low
Pedro,2,,Low
Noh,2,,Low
Saavedra,2,,Low
Cruise,2,,Low
For Comments,2,,Low
Sergio,2,,Low
Culture,2,,Low
John Roderick,2,,Low
Mendez,2,,Low
Austin,2,,Low
Reynolds,2,,Low
Pippen,2,,Low
Pettigroup,2,,Low
Sully,2,,Low
Soana,2,,Low
For Bringing The Sport,2,,Low
Pettigrew Okay,2,,Low
Vedetta,2,,Low
Pettigrew Let,2,,Low
Raven,2,,Low
My Name Is Nathan,2,,Low
For Administration,2,,Low
Tao,2,,Low
Brings,2,,Low
Xi,2,,Low
Well This,2,,Low
Greer,2,,Low
Houckman,2,,Low
For The Commission,2,,Low
As You Can See,2,,Low
But Let,2,,Low
Heard That Yes,2,,Low
Occurs Please,2,,Low
Europe Yes,2,,Low
Traffic,2,,Low
Route,2,,Low
With We,2,,Low
Schreier,2,,Low
Anderson Is Here,2,,Low
Election,2,,Low
So All,2,,Low
On The Bill,2,,Low
Denise,2,,Low
Has Been Clear That,2,,Low
Anderson Next We'Re,2,,Low
Sweetser For Today,2,,Low
Some Of You May,2,,Low
Anderson You'Re Correct,2,,Low
Manson,2,,Low
Here Okay,2,,Low
Our House Bill One,2,,Low
Out Please,2,,Low
Del Cruz,2,,Low
Terence,2,,Low
Alison,2,,Low
Promised,2,,Low
Okay We'Ll Do,2,,Low
My Concern Is That,2,,Low
Sweetser There Any Opposition,2,,Low
By Everybody,2,,Low
Conaty,2,,Low
Marquita,2,,Low
Printed,2,,Low
Texas,2,,Low
Rachel,2,,Low
Selee,2,,Low
Riding,2,,Low
For Them To Make,2,,Low
Saly,2,,Low
Right Let,2,,Low
Yes Okay,2,,Low
With Respect To That,2,,Low
For Dfa,2,,Low
Josette Monet,2,,Low
Whitfield,2,,Low
Science,2,,Low
Anderson Can,2,,Low
Bustamante,2,,Low
Out On This Opportunity,2,,Low
Montorio,2,,Low
Derek,2,,Low
Saka,2,,Low
Muhan,2,,Low
When When,2,,Low
My Question Was Answered,2,,Low
How To Me Next,2,,Low
Designate Of The Department,2,,Low
Nodded,2,,Low
Shortly,2,,Low
Hadda,2,,Low
Modi,2,,Low
Do You Mind If,2,,Low
Lena,2,,Low
Carignane,2,,Low
Just One Final Question,2,,Low
Correct Me If,2,,Low
My Name Is Greg,2,,Low
We'Re Not We,2,,Low
Committee To Hsd Code,2,,Low
Salie,2,,Low
One Of The Questions,2,,Low
Hero,2,,Low
Bailey,2,,Low
Just One Very Quick,2,,Low
Sister,2,,Low
Jake,2,,Low
Lehan,2,,Low
Khan,2,,Low
Ripley,2,,Low
Regalado,2,,Low
Risley White,2,,Low
Aaron,2,,Low
For The All Public,2,,Low
Webster,2,,Low
For The Office Broadband,2,,Low
Nixon,2,,Low
Saini,2,,Low
Okay House Bill One,2,,Low
House Bill Sixty Six,2,,Low
Hello It,2,,Low
Designate Thank You So,2,,Low
Anderson And That Will,2,,Low
How Do We Know,2,,Low
Better,2,,Low
Separate,2,,Low
In Charge Of Our,2,,Low
Syriana Can You Please,2,,Low
Committee Members Were Not,2,,Low
Right The Lfc Recommendation,2,,Low
For The Recommendation,2,,Low
So Far,2,,Low
Yes You Are Correct,2,,Low
Vernon,2,,Low
Gerginsky And My Counterpart,2,,Low
Announced That Her State,2,,Low
You Know That,2,,Low
Cynically,2,,Low
Nando,2,,Low
Brendan,2,,Low
You Have An Amendment,2,,Low
Radio,2,,Low
Zubieta,2,,Low
Shannon,2,,Low
Trevor,2,,Low
Great Thank You So,2,,Low
Sweetser That,2,,Low
Foster,2,,Low
Morales,2,,Low
Casillas,2,,Low
Chip,2,,Low
Valerio,2,,Low
Asked Us To Do,2,,Low
Sarno,2,,Low
You Know Just,2,,Low
Through,2,,Low
Replace,2,,Low
One Last Thing,2,,Low
With That We Just,2,,Low
Do You Want Them,2,,Low
Just Make,2,,Low
Brandon,2,,Low
Powdell Culbert,2,,Low
Bangles Yes,2,,Low
On The Committee Substitute,2,,Low
Palejon,2,,Low
Sorato,2,,Low
Tourism,2,,Low
Yes The Table,2,,Low
Yes After The Final,2,,Low
Linton,2,,Low
Have You Ever Been,2,,Low
Bagels,2,,Low
Speaker And Gentle Lady,2,,Low
With That Was Stand,2,,Low
Lender,2,,Low
Basically Yes,2,,Low
For New Mexico Idea,2,,Low
Meredith,2,,Low
Committee Members Jerry Scheller,2,,Low
If You Know,2,,Low
Priority And Endorsed Bills,2,,Low
My Name Is John,2,,Low
Culbert Yes,2,,Low
Well Yes,2,,Low
On The Substitute Bill,2,,Low
Fifteen,2,,Low
Based On That,2,,Low
Strato,2,,Low
No To Table,2,,Low
Nice To See You,2,,Low
For Answer My Questions,2,,Low
At New Mexico Environment,2,,Low
Jane,2,,Low
Happy To Be Here,2,,Low
For Bringing This Important,2,,Low
There Is Not,2,,Low
Think You Represent It,2,,Low
Please Begin,2,,Low
Weisel,2,,Low
London,2,,Low
Mccorkle,2,,Low
When Appropriate,2,,Low
Guessing,2,,Low
Lion,2,,Low
In Addition To That,2,,Low
If You Could Raise,2,,Low
Bill Yes,2,,Low
Have We'Ve Been,2,,Low
We Do Have Lots,2,,Low
Calls,2,,Low
Lance This,2,,Low
Jarvis,2,,Low
Well Let,2,,Low
If You Get,2,,Low
Please Yes Please,2,,Low
Rule,2,,Low
Sandra Pan,2,,Low
Sandra Penn,2,,Low
Noble,2,,Low
Candie Sweetser,2,,Low
Ramon Sanchez,2,,Low
Built,2,,Low
Members Of Committee John,2,,Low
Yes Thank You All,2,,Low
At Thank You So,2,,Low
Brooks,2,,Low
Perot,2,,Low
Bente,2,,Low
At This Moment,2,,Low
Tedro,2,,Low
If They Don,2,,Low
So No,2,,Low
Moved To Table,2,,Low
Wurst,2,,Low
Ael,2,,Low
So You'Re,2,,Low
We Know That There,2,,Low
Sweeties,2,,Low
For Discussion Purposes,2,,Low
Proteum,2,,Low
Right Here,2,,Low
Sender,2,,Low
One Minute,2,,Low
For Defenders Of Wildlife,2,,Low
For Eddy County Eddy,2,,Low
Herself,2,,Low
Hazel,2,,Low
Finance Yes,2,,Low
My Name Is Erin,2,,Low
Could You Tell Us,2,,Low
Sauls,2,,Low
You Ready To Proceed,2,,Low
Top,2,,Low
Fontana Yes,2,,Low
How Much,2,,Low
Song,2,,Low
My Name Is Jd,2,,Low
How Are We Going,2,,Low
So Senate Bill One,2,,Low
Committees Yes,2,,Low
If You Would Allow,2,,Low
Products Yes,2,,Low
Sun,2,,Low
Mantas,2,,Low
Guy Ecosse,2,,Low
Please Call The Voting,2,,Low
Wirtz,2,,Low
If You So Desire,2,,Low
Did You Want Me,2,,Low
So Is There Any,2,,Low
Fonsi,2,,Low
Kill,2,,Low
We Call The Roll,2,,Low
These Two Elements Need,2,,Low
Yourself,2,,Low
You Can Get,2,,Low
Okay Is There Any,2,,Low
Initiative,2,,Low
Do You Want Your,2,,Low
Pontus,2,,Low
Survived,2,,Low
Just To One Question,2,,Low
Fan,2,,Low
Clearly,2,,Low
With Questions,2,,Low
Nouvelle,2,,Low
So Okay,2,,Low
One Of The Comments,2,,Low
Specifically,2,,Low
Phonics Yes,2,,Low
Moran,2,,Low
Members So,2,,Low
Has There Been Any,2,,Low
Gonzales And You Know,2,,Low
Yazel,2,,Low
Alcorn,2,,Low
So On Page Four,2,,Low
Happy To Answer Any,2,,Low
If We Could Hear,2,,Low
At The National Nonprofit,2,,Low
For The Answer,2,,Low
Hamblen Here,2,,Low
Balch,2,,Low
If She,2,,Low
With The Natural Resources,2,,Low
Shop,2,,Low
We'Re Not Gonna,2,,Low
Hefner,2,,Low
Neville But,2,,Low
House Bill One Sixty,2,,Low
Bricks,2,,Low
Well You Know,2,,Low
Kalman,2,,Low
For Bringing This This,2,,Low
Do Hate,2,,Low
Wanting To Make Sure,2,,Low
Right Yeah,2,,Low
Gonzales We'Re Gonna,2,,Low
Yeah You Know,2,,Low
Okay Yeah We'Re,2,,Low
With Expertise And Benefits,2,,Low
Donald,2,,Low
Currier,2,,Low
Tolman,2,,Low
Okay Well,2,,Low
For The National Federation,2,,Low
Vlada,2,,Low
Adamillo,2,,Low
Hara,2,,Low
Sanchez It,2,,Low
My Name Is Nancy,2,,Low
Correctly,2,,Low
In The House,2,,Low
Sanchez Excuse,2,,Low
Defendants,2,,Low
Jamil,2,,Low
Barber Mac In Any,2,,Low
Our Meal,2,,Low
You Want To Speak,2,,Low
How To Meal That,2,,Low
Considers,2,,Low
My Name Is Missy,2,,Low
Peacock,2,,Low
Sanchez For Bringing This,2,,Low
Thompson Are There Any,2,,Low
Tom And Talked About,2,,Low
Sando Yes,2,,Low
Hadamio,2,,Low
Lotus,2,,Low
Honorable Committee Members My,2,,Low
Protem,2,,Low
Harlan,2,,Low
Shendo And And This,2,,Low
There We Go,2,,Low
Holmes,2,,Low
Tion,2,,Low
Only,2,,Low
Hated,2,,Low
Like To Move,2,,Low
Jamio,2,,Low
Sharr,2,,Low
Romeo,2,,Low
Greece,2,,Low
Authorized,2,,Low
Had To Me,2,,Low
As You All Know,2,,Low
Keith,2,,Low
Passes,2,,Low
Armio,2,,Low
Du Hicks,2,,Low
Colleagues,2,,Low
Schmide,2,,Low
Worley,2,,Low
Seneal,2,,Low
Ivey Soto So,2,,Low
Rate,2,,Low
Tom And For Bringing,2,,Low
Toman,2,,Low
For Los Alamos County,2,,Low
Home And Are You,2,,Low
Said There,2,,Low
Gonzales Senate Bill One,2,,Low
Malley,2,,Low
For The North Central,2,,Low
Has Done,2,,Low
For Economic Development,2,,Low
Cologne,2,,Low
Members Matt Thompson,2,,Low
Nyberg,2,,Low
Read Don George,2,,Low
Work Yes,2,,Low
Sanchez Is Not Here,2,,Low
Stephanni,2,,Low
Trejo,2,,Low
Tracy Ho,2,,Low
So House Bill Two,2,,Low
Just For Clarification,2,,Low
State Affairs For Pharmaceutical,2,,Low
Thompson But,2,,Low
Bye,2,,Low
Hermiel,2,,Low
Jara Meal,2,,Low
You Have Been Amended,2,,Low
Al Park Registered Lobbyist,2,,Low
Google,2,,Low
Torres Valesques,2,,Low
For Val Caballero,2,,Low
Give Us,2,,Low
Yeah Here,2,,Low
Lame,2,,Low
Maturing,2,,Low
Bacca,2,,Low
House District Thirty Four,2,,Low
For Sure,2,,Low
All Of Our Tribal,2,,Low
Cannot,2,,Low
For The Carriage Children,2,,Low
Robocup,2,,Low
Exam,2,,Low
Just Wanted To Make,2,,Low
Chris Balzano,2,,Low
Jacqueline Costales,2,,Low
Medical Maria,2,,Low
With Any In New,2,,Low
Sweetser For Bringing This,2,,Low
Subsection,2,,Low
For The American Lung,2,,Low
Roach,2,,Low
Yeah Sure,2,,Low
For Educators Rising,2,,Low
If We Could Get,2,,Low
Melton On The Twenty,2,,Low
Mino Almoya,2,,Low
Coach,2,,Low
We Think It,2,,Low
Via,2,,Low
For Approval,2,,Low
Warrants,2,,Low
Lines,2,,Low
Headed,2,,Low
On Page Eight,2,,Low
Out On Daily Life,2,,Low
For The Public Simply,2,,Low
For Bringing This Very,2,,Low
Jeannie Oaks,2,,Low
Dalal,2,,Low
For This Opportunity,2,,Low
At The Higher Education,2,,Low
Yeah That,2,,Low
New Mexico Council University,2,,Low
Typically,2,,Low
Spitzer Yes,2,,Low
Prevention For The New,2,,Low
At The Public Education,2,,Low
You Call The Roll,2,,Low
Ultimately,2,,Low
New Mexico State University,2,,Low
Last Time,2,,Low
Russia,2,,Low
Roch,2,,Low
But No,2,,Low
Heather Bassett,2,,Low
On Page One Line,2,,Low
You For Bringing This,2,,Low
Speak But,2,,Low
May Speak,2,,Low
Talk To To Speak,2,,Low
Either,2,,Low
Caldwell With Eastern New,2,,Low
Torres Valese,2,,Low
For Indian Affairs,2,,Low
For Indian Education,2,,Low
For Bringing This Forth,2,,Low
For Policy And Growing,2,,Low
Robert Bait,2,,Low
Campos You May Proceed,2,,Low
Warner,2,,Low
Raised,2,,Low
If You Will Please,2,,Low
Wheatley,2,,Low
On The Board,2,,Low
Neville If You'Ll,2,,Low
Soltz,2,,Low
Soul Yes,2,,Low
Branch,2,,Low
Cells,2,,Low
With At Least,2,,Low
Marcus,2,,Low
Peril,2,,Low
Cleveland In My District,2,,Low
Department Of Workforce Solutions,2,,Low
Pandemic,2,,Low
Soulles,2,,Low
Then You Know Send,2,,Low
Goodman,2,,Low
Rommel,2,,Low
Almost,2,,Low
Mestis,2,,Low
For Being In This,2,,Low
At The Children Youth,2,,Low
Young,2,,Low
Store If You Would,2,,Low
For The Independent Community,2,,Low
Booth,2,,Low
My Estes Senate Bill,2,,Low
Ridge,2,,Low
Gonzales He,2,,Low
Gonzales And Then We,2,,Low
Sure Yes,2,,Low
Chando,2,,Low
Tobias Simbozia,2,,Low
Accomplished,2,,Low
Do Hig,2,,Low
Campos Let,2,,Low
Want This,2,,Low
Bill Sure From Senate,2,,Low
Ones,2,,Low
Just Couple Quick Questions,2,,Low
Appropriation,2,,Low
Harrison,2,,Low
Go Right Ahead,2,,Low
Gonzales Made,2,,Low
Agee,2,,Low
Could Be,2,,Low
Campos And Then We,2,,Low
For Native American Affairs,2,,Low
Sanborn,2,,Low
On You,2,,Low
For The Mortgage Finance,2,,Low
Experience,2,,Low
Martha Quintana And Our,2,,Low
Designate Of The New,2,,Low
Senate District Twenty Eight,2,,Low
Just Want To Make,2,,Low
When You Have Someone,2,,Low
Campos Is Not Here,2,,Low
One Of The Largest,2,,Low
Nolan,2,,Low
Tyson,2,,Low
For All Your Hard,2,,Low
But To That Point,2,,Low
For That Explanation,2,,Low
Trill,2,,Low
Gonzales Excuse,2,,Low
By The Votes,2,,Low
Signs The Bill It,2,,Low
Has Indicated,2,,Low
Tobias And Botsia,2,,Low
Shedo,2,,Low
Padia,2,,Low
Shendo Here,2,,Low
You Want To Add,2,,Low
Jessica,2,,Low
You'Re Talking About,2,,Low
Goodness,2,,Low
Gray With The Lfc,2,,Low
Committee Members We'Re,2,,Low
Ponyo,2,,Low
For Any Additional Comments,2,,Low
Just Going To Go,2,,Low
Valley,2,,Low
You Have Any Questions,2,,Low
Pardon,2,,Low
Doing There,2,,Low
All Movie Do Pass,2,,Low
Linder,2,,Low
Total,2,,Low
Burst,2,,Low
Tariff,2,,Low
Suggestion,2,,Low
At The Legislative Finance,2,,Low
Trees,2,,Low
In Front Of Us,2,,Low
Likes,2,,Low
Maesters,2,,Low
We Just Have One,2,,Low
You It,2,,Low
He Can Answer That,2,,Low
Number That,2,,Low
Cabos,2,,Low
Bay,2,,Low
We Have Some Amendments,2,,Low
With That Would Be,2,,Low
Dodge And Other Guests,2,,Low
In This Instance,2,,Low
Deserves,2,,Low
We'Ve Been Talking,2,,Low
You Know If You,2,,Low
Army,2,,Low
For The Retiree Health,2,,Low
Stansky,2,,Low
Jernigan,2,,Low
Thompson For Introducing This,2,,Low
Todos Os,2,,Low
Thompson Yes,2,,Low
May Make,2,,Low
Bronwyn Neeser,2,,Low
Permitted,2,,Low
Mclish,2,,Low
For The National Alliance,2,,Low
Trust Us,2,,Low
We'Re Doing This,2,,Low
Ferrary Is There Any,2,,Low
Deborah On Strong,2,,Low
Caning,2,,Low
Tur Office,2,,Low
Tasha Barnes,2,,Low
Surgeon,2,,Low
There There,2,,Low
Joe And For Our,2,,Low
Kate Here,2,,Low
Change Project,2,,Low
Tates,2,,Low
Ribs,2,,Low
For Just,2,,Low
Anjali Teenage,2,,Low
Said Ped,2,,Low
Bentsen,2,,Low
For Letting Me Speak,2,,Low
Ferrary Present,2,,Low
Said At The Beginning,2,,Low
Portal,2,,Low
Lonnie All,2,,Low
House Bill Sixteen,2,,Low
Mobile,2,,Low
Made The Decision That,2,,Low
Hospital,2,,Low
When There,2,,Low
But Just,2,,Low
Holly,2,,Low
Thompson For Bringing Forward,2,,Low
Anderson Votes Yes,2,,Low
Eight Thompson,2,,Low
We Stand In Opposition,2,,Low
Wealth Anderson,2,,Low
Did You Want Your,2,,Low
Clients,2,,Low
My Name Is That,2,,Low
Ferrary It,2,,Low
For The National Union,2,,Low
But When,2,,Low
Katie,2,,Low
Members Of The One,2,,Low
Mark Duran,2,,Low
So For The Past,2,,Low
Monica,2,,Low
Here Here,2,,Low
Rumah,2,,Low
Involved,2,,Low
James Chodas,2,,Low
Please Don,2,,Low
Rather Than,2,,Low
For Bridges Autism Services,2,,Low
Stephanie Lower,2,,Low
For Appointment,2,,Low
Page Eleven,2,,Low
Schmidt He Said That,2,,Low
Grecca,2,,Low
Guide Us,2,,Low
There Us,2,,Low
Committees To Explain His,2,,Low
Said The Olympics You,2,,Low
You'Re Betting One,2,,Low
Lois,2,,Low
Good Evening,2,,Low
Mcgill,2,,Low
Blu,2,,Low
Judge,2,,Low
My Ss Yes,2,,Low
Then We'Ll Go,2,,Low
Channell,2,,Low
Alexander,2,,Low
Blaylock,2,,Low
Out On If We,2,,Low
Folk,2,,Low
So The Olympics,2,,Low
Guy In Our,2,,Low
Tommin,2,,Low
On Page Forty One,2,,Low
Yes Hi,2,,Low
But There,2,,Low
Judy,2,,Low
Yvette,2,,Low
Still,2,,Low
China,2,,Low
Company,2,,Low
Ideal,2,,Low
Galgos,2,,Low
Reger,2,,Low
Finto,2,,Low
If You Would Entertain,2,,Low
Wearing Pink,2,,Low
My Is This Yes,2,,Low
Majors,2,,Low
Told Her That She,2,,Low
Ivey Soto And Let,2,,Low
Mccutching,2,,Low
Goods All,2,,Low
Wanted To Do,2,,Low
Mesker,2,,Low
Mccracken,2,,Low
Hart,2,,Low
My Name Is Junie,2,,Low
Members Of Canadian Journalists,2,,Low
Okay Right,2,,Low
My Name Is Cheryl,2,,Low
You Have Eleven Yeses,2,,Low
Upon,2,,Low
Avita,2,,Low
Read That,2,,Low
We But,2,,Low
My Point Is That,2,,Low
In The Two Thousand,2,,Low
Dupe,2,,Low
Kaufman,2,,Low
Festus,2,,Low
Pachman,2,,Low
You'Re Right,2,,Low
All Con,2,,Low
Unfortunately,2,,Low
Could See You,2,,Low
Sapan Skate Yes,2,,Low
Ten Yess One No,2,,Low
Night But,2,,Low
Night Bird,2,,Low
Cabana,2,,Low
Ferrary For Bringing This,2,,Low
All Our,2,,Low
Interview,2,,Low
Kanske Yes,2,,Low
Signed Into Law,2,,Low
With Eleven Yeses You,2,,Low
Night Very,2,,Low
We Yes,2,,Low
For Public Action Alliance,2,,Low
Mclean Yes,2,,Low
Range,2,,Low
Neither,2,,Low
If You'Ll Just,2,,Low
Maclean,2,,Low
For The Rape Crisis,2,,Low
Quinn,2,,Low
Resolution Fourteen,2,,Low
Saddam,2,,Low
Night Or Did You,2,,Low
Whether It,2,,Low
Sapansky Here,2,,Low
Green Here,2,,Low
Czecho,2,,Low
Ibiza,2,,Low
Members The Committee Oscar,2,,Low
Watson,2,,Low
Some Pants,2,,Low
Yes Yeah,2,,Low
Du Hagan,2,,Low
Abata,2,,Low
Hochman Vi Hill,2,,Low
In The Next Morning,2,,Low
Such,2,,Low
Babeta,2,,Low
If We'Re Going,2,,Low
Occurring,2,,Low
Ivey Soto Is There,2,,Low
Maverick,2,,Low
All Court,2,,Low
Don Bates,2,,Low
You Need To Go,2,,Low
For The Domestic Violence,2,,Low
You Have The Floor,2,,Low
For House District,2,,Low
Reviews,2,,Low
Erhard,2,,Low
For New Mexico Treatment,2,,Low
You Saw The Floor,2,,Low
Rojo,2,,Low
William Fire,2,,Low
Butler,2,,Low
Influencing,2,,Low
Your Question,2,,Low
You Want To Weigh,2,,Low
Morris You Know,2,,Low
Doing Any Other Amendments,2,,Low
Ivey Soto Is Concerned,2,,Low
Deick,2,,Low
Deal,2,,Low
Services Yes The Amendment,2,,Low
Ivey Soto Has Brought,2,,Low
Doing So,2,,Low
Ivey Soto That,2,,Low
Tennant,2,,Low
Come,2,,Low
Server,2,,Low
Dede,2,,Low
Levinson,2,,Low
Logan,2,,Low
Definition,2,,Low
Episode Is Right,2,,Low
Every Soto,2,,Low
Focus,2,,Low
Doing It,2,,Low
Reece,2,,Low
Mccabe,2,,Low
Hayden,2,,Low
Maxwell,2,,Low
Ivey Soto Said It,2,,Low
Do Yes,2,,Low
For The Military Veterans,2,,Low
Political,2,,Low
Paharon,2,,Low
Moody,2,,Low
Trasas,2,,Low
Towns And It,2,,Low
At This Yes,2,,Low
Pajuan,2,,Low
Baron,2,,Low
Roads,2,,Low
Chamber Yes,2,,Low
Hoping To Be Hill,2,,Low
Twelve In The Affirmative,2,,Low
Moto,2,,Low
Keogh,2,,Low
Lunstrom,2,,Low
Doug Fine,2,,Low
Glacis,2,,Low
Chat Feels Bill But,2,,Low
